Stance on NN,Networking,Format,Date Received,Type of Filing,Submission Type,Proceeding ID,Filing URL,Name of Filers(s),Comment Text,Total Page Count,Source,Memo,Date in the Document,Network 1,Network 2,Network 3,Network 4,Network 5,Network 6,Network 7,Network 8,Network 9,Network 10,Network 11,Network 12,Network 13,Network 14,Network 15,Network 16,Network 17,Network 18
Pro,Network,Comments,4/16/2008,COMMENT,STANDARD,07-52,https://www.fcc.gov/ecfs/search/search-filings/filing/5515042019,Consumer Federation of America & Consumers Union,Refer to Attachment(s).,6,https://www.fcc.gov/ecfs/document/5515042019/1,,"Apr 17, 2008",Consumer Federation of America,Consumers Union,,,,,,,,,,,,,,,,
Pro,Network,Comments,6/15/2007,COMMENT,STANDARD,07-52,https://www.fcc.gov/ecfs/search/search-filings/filing/5514680755,"EarthLink, Inc. and New Edge Network, Inc.",Refer to Attachment(s).,17,https://www.fcc.gov/ecfs/document/5514680755/1,,"June 15, 2007",EarthLink,New Edge Networks,,,,,,,,,,,,,,,,
Pro,Network,Comments,6/15/2007,COMMENT,STANDARD,07-52,https://www.fcc.gov/ecfs/search/search-filings/filing/5514681246,"Consumer Federation of America, Consumers Union, Free Press, Media Access Projec",Refer to Attachment(s).,326,https://www.fcc.gov/ecfs/document/5514681246/4,,"June 15, 2007",Free Press,Consumer Federation of America,Consumers Union,Media Access Project,U.S. Public Interest Research Group,,,,,,,,,,,,,
Pro,Network,Comments,2/13/2008,COMMENT,STANDARD,07-52,https://www.fcc.gov/ecfs/search/search-filings/filing/5514992302,"Free Press, Public Knowledge, MAP, CFA, CU, NAF and PCF",Refer to Attachment(s).,100,https://www.fcc.gov/ecfs/document/5514992302/1,,2/13/2008,Free Press,Public Knowledge,Media Access Project,Consumer Federation of America,Consumers Union,New America Foundation,Participatory Culture Foundation,,,,,,,,,,,
Pro,Network,Comments,6/15/2007,COMMENT,STANDARD,07-52,https://www.fcc.gov/ecfs/search/search-filings/filing/5514681160,"NATOA, NLC, NACo",Refer to Attachment(s).,11,https://www.fcc.gov/ecfs/document/5514681160/1,,6/15/2007,National Association of Telecommunications Officers & Advisors,National Association of Counties,National League of Cities,,,,,,,,,,,,,,,
Pro,Network,Document,2/22/2008,OPPOSITION,STANDARD,07-52,https://www.fcc.gov/ecfs/search/search-filings/filing/5514993826,"Free Press, Public Knowledge, CU, CFA, PCP, Media Access Project",Refer to Attachment(s).,3,https://www.fcc.gov/ecfs/document/5514993826/1,,"February 22, 2008",Free Press,Public Knowledge,Media Access Project,Consumer Federation of America,Consumers Union,New America Foundation,Participatory Culture Foundation,,,,,,,,,,,
Pro,Network,Document,11/1/2007,PETITION,STANDARD,07-52,https://www.fcc.gov/ecfs/search/search-filings/filing/5514976670,Free Press et al,Refer to Attachment(s).,39,https://www.fcc.gov/ecfs/document/5514976670/1,,"November 1, 2007",Free Press,Public Knowledge,Media Access Project,Consumer Federation of America,Consumers Union,Information Society Project at Yale Law School,"Charles Nesson, Harvard Law School","Barbara van Schewick, Stanford Law School",,,,,,,,,,
Pro,Network,In person,3/10/2008,NOTICE OF EXPARTE,STANDARD,07-52,https://www.fcc.gov/ecfs/search/search-filings/filing/5515015819,Consumer Federation of America andConsumers Union,Refer to Attachment(s).,1,https://www.fcc.gov/ecfs/document/5515015819/1,,"Marcy 4, 2008",Consumer Federation of America,Consumers Union,,,,,,,,,,,,,,,,
Pro,Network,In person,1/15/2008,NOTICE OF EXPARTE,STANDARD,07-52,https://www.fcc.gov/ecfs/search/search-filings/filing/5514974654,Public Knowledge and Free Press,Refer to Attachment(s).,16,https://www.fcc.gov/ecfs/document/5514974654/1,,"January 15, 2008",Free Press,Public Knowledge,,,,,,,,,,,,,,,,
Pro,Network,In person,2/19/2008,NOTICE OF EXPARTE,STANDARD,07-52,https://www.fcc.gov/ecfs/search/search-filings/filing/5514993223,Free Press,Refer to Attachment(s).,1,https://www.fcc.gov/ecfs/document/5514993223/1,,"February 15, 2008",Free Press,"Tim Wu, Columbia Law School",,,,,,,,,,,,,,,,
Pro,Network,In person,2/22/2008,NOTICE OF EXPARTE,STANDARD,07-52,https://www.fcc.gov/ecfs/search/search-filings/filing/5514993635,Public Knowledge and Free Press,Refer to Attachment(s).,1,https://www.fcc.gov/ecfs/document/5514993635/1,,"February 22, 2008",Free Press,Public Knowledge,,,,,,,,,,,,,,,,
Pro,Network,In person,3/21/2008,NOTICE OF EXPARTE,STANDARD,07-52,https://www.fcc.gov/ecfs/search/search-filings/filing/5515018645,"Free Press, Google, Amazon, Public Knolwedge",Refer to Attachment(s).,1,https://www.fcc.gov/ecfs/document/5515018645/1,,"March 21, 2008",Free Press,Public Knowledge,Amazon,Google,,,,,,,,,,,,,,
Pro,Network,In person,5/15/2008,NOTICE OF EXPARTE,STANDARD,07-52,https://www.fcc.gov/ecfs/search/search-filings/filing/5515159326,"Public Knowledge, Free Press, Media Access Project, and New America Foundation",Refer to Attachment(s).,1,https://www.fcc.gov/ecfs/document/5515159326/1,,"May 15, 2008",Free Press,Public Knowledge,Media Access Project,New America Foundation,,,,,,,,,,,,,,
Pro,Network,In person,7/21/2008,NOTICE OF EXPARTE,STANDARD,07-52,https://www.fcc.gov/ecfs/search/search-filings/filing/5515183193,Free Press,Refer to Attachment(s).,5,https://www.fcc.gov/ecfs/document/5515183193/1,,"July 18, 2008",Free Press,Public Knowledge,Media Access Project,"David Vladeck, Georgetown University Law Center","Tim Wu, Columbia Law School","Amanda Leiter, Catholic University Law School","John Blevins, South Texas College of Law",,,,,,,,,,,
Pro,Network,In person,7/24/2008,NOTICE OF EXPARTE,STANDARD,07-52,https://www.fcc.gov/ecfs/search/search-filings/filing/5515183673,Free Press and Media Access Project,Refer to Attachment(s).,1,https://www.fcc.gov/ecfs/document/5515183673/1,,7/23/2008,Free Press,Media Access Project,,,,,,,,,,,,,,,,
Pro,Network,In person,5/1/2008,NOTICE OF EXPARTE,STANDARD,07-52,https://www.fcc.gov/ecfs/search/search-filings/filing/5515156926,Free Press,Refer to Attachment(s).,1,https://www.fcc.gov/ecfs/document/5515156926/1,,"April 30, 2008",Open Internet Coalition,Free Press,Public Knowledge,Skype,Google,,,,,,,,,,,,,
Pro,Network,In person,7/25/2008,NOTICE OF EXPARTE,STANDARD,07-52,https://www.fcc.gov/ecfs/search/search-filings/filing/5515183862,Open Internet Coalition,Refer to Attachment(s).,2,https://www.fcc.gov/ecfs/document/5515183862/1,,"July 24, 2008",Open Internet Coalition,Free Press,eBay,Consumers Union,IAC,Computer & Communications Industry Association,,,,,,,,,,,,
Pro,Network,In person,7/17/2008,NOTICE OF EXPARTE,STANDARD,07-52,https://www.fcc.gov/ecfs/search/search-filings/filing/5515183004,Public Interest Spectrum Coalition,Refer to Attachment(s).,4,https://www.fcc.gov/ecfs/document/5515183004/1,Public Interest Spectrum Coalition,"July 16, 2008",Media Access Project,Public Knowledge,New America Foundation,,,,,,,,,,,,,,,
Pro,Network,In person,11/20/2007,NOTICE OF EXPARTE,STANDARD,07-52,https://www.fcc.gov/ecfs/search/search-filings/filing/5514966497,Free Press,Refer to Attachment(s).,3,https://www.fcc.gov/ecfs/document/5514966497/1,,11/19/2007,Free Press,Marvin Ammori,,,,,,,,,,,,,,,,
Pro,Network,In person,2/7/2008,NOTICE OF EXPARTE,STANDARD,07-52,https://www.fcc.gov/ecfs/search/search-filings/filing/5514991199,Free Press,Refer to Attachment(s).,1,https://www.fcc.gov/ecfs/document/5514991199/1,,2/7/2008,Free Press,Marvin Ammori,,,,,,,,,,,,,,,,
Pro,Network,In person,6/12/2008,NOTICE OF EXPARTE,STANDARD,07-52,https://www.fcc.gov/ecfs/search/search-filings/filing/5515176753,Free Press,Refer to Attachment(s).,112,https://www.fcc.gov/ecfs/document/5515176753/1,,6/11/2008,Free Press,Marvin Ammori,,,,,,,,,,,,,,,,
Pro,Network,In person,7/24/2008,NOTICE OF EXPARTE,STANDARD,07-52,https://www.fcc.gov/ecfs/search/search-filings/filing/5515183675,Free Press,Refer to Attachment(s).,1,https://www.fcc.gov/ecfs/document/5515183675/1,,7/23/2008,Free Press,Marvin Ammori,,,,,,,,,,,,,,,,
Pro,Network,Letter,8/21/2008,LETTER,STANDARD,07-52,https://www.fcc.gov/ecfs/search/search-filings/filing/5515188855,Jack Balkin and Barbara van Schewick,Refer to Attachment(s).,2,https://www.fcc.gov/ecfs/document/5515188855/1,,8/21/2008,"Jack Balkin, Yale Law School","Barbara van Schewick, Stanford Law School",,,,,,,,,,,,,,,,
Pro,Network,Reply Comments,7/16/2007,"ERRATA, ERRATUM OR ADDENDUM",STANDARD,07-52,https://www.fcc.gov/ecfs/search/search-filings/filing/5514709053,"Public Knowledge, et al.",Refer to Attachment(s).,24,https://www.fcc.gov/ecfs/document/5514709053/1,,"July 16, 2007",Free Press,Public Knowledge,Consumer Federation of America,EDUCAUSE,Electronic Frontier Foundation,Electronic Privacy Information Center,Freeculture.Org,Knowledge Ecology International,Media Access Project,New America Foundation,U.S. Public Interest Research Group,,,,,,,
Pro,Network,Reply Comments,2/29/2008,REPLY TO COMMENTS,STANDARD,07-52,https://www.fcc.gov/ecfs/search/search-filings/filing/5515007255,"Free Press, Public Knowledge, MAP, CFA, CU, NAF and PCF",Refer to Attachment(s).,62,https://www.fcc.gov/ecfs/document/5515007255/1,,"February 28, 2008",Free Press,Public Knowledge,Media Access Project,Consumer Federation of America,Consumers Union,New America Foundation,Participatory Culture Foundation,,,,,,,,,,,
Pro,Network,Written,7/29/2008,INTENT TO PARITICIPATE IN ORAL ARGUMENT,STANDARD,07-52,https://www.fcc.gov/ecfs/search/search-filings/filing/5515184196,Free Press,Refer to Attachment(s).,27,https://www.fcc.gov/ecfs/document/5515184196/1,,"July 28, 2008",Free Press,Public Knowledge,Media Access Project,Consumer Federation of America,Consumers Union,Information Society Project at Yale Law School,"Charles Nesson, Harvard Law School","Barbara van Schewick, Stanford Law School",,,,,,,,,,
Pro,Solo,Comment,4/7/2008,COMMENT,STANDARD,07-52,https://www.fcc.gov/ecfs/search/search-filings/filing/5515021056,Jon Peha,Refer to Attachment(s).,9,https://www.fcc.gov/ecfs/document/5515021056/1,,4/4/2008,"Jon Peha, Carnegie Mellon Univ.",,,,,,,,,,,,,,,,,
Pro (Neutral),Solo,Comments,2/25/2008,COMMENT,STANDARD,07-52,https://www.fcc.gov/ecfs/search/search-filings/filing/5514994279,Aaron G.,Refer to Attachment(s).,4,https://www.fcc.gov/ecfs/document/5514994279/1,,Cited in Order,Aaron G.,,,,,,,,,,,,,,,,,
Pro,Solo,Comments,4/16/2008,COMMENT,STANDARD,07-52,https://www.fcc.gov/ecfs/search/search-filings/filing/5515041993,ACLU Washington Legislative Office and ACLU of Northern California,Refer to Attachment(s).,11,https://www.fcc.gov/ecfs/document/5515041993/1,,,American Civil Liberties Union,,,,,,,,,,,,,,,,,
Pro,Solo,Comments,6/15/2007,COMMENT,STANDARD,07-52,https://www.fcc.gov/ecfs/search/search-filings/filing/5514680793,American Homeowners Grassroots Alliance,Refer to Attachment(s).,4,https://www.fcc.gov/ecfs/document/5514680793/1,,,American Homeowners Grassroots Alliance,,,,,,,,,,,,,,,,,
Pro,Solo,Comments,6/15/2007,COMMENT,STANDARD,07-52,https://www.fcc.gov/ecfs/search/search-filings/filing/5514680995,American Library Association,Refer to Attachment(s).,13,https://www.fcc.gov/ecfs/document/5514680995/1,,,American Library Association,,,,,,,,,,,,,,,,,
Pro,Solo,Comments,6/15/2007,COMMENT,STANDARD,07-52,https://www.fcc.gov/ecfs/search/search-filings/filing/5514680995,American Library Association,Refer to Attachment(s).,13,https://www.fcc.gov/ecfs/document/5514680995/1,,,American Library Association,,,,,,,,,,,,,,,,,
Pro,Solo,Comments,2/13/2008,COMMENT,STANDARD,07-52,https://www.fcc.gov/ecfs/search/search-filings/filing/5514992180,American Library Association,Refer to Attachment(s).,3,https://www.fcc.gov/ecfs/document/5514992180/1,,,American Library Association,,,,,,,,,,,,,,,,,
Pro,Solo,Comments,2/13/2008,COMMENT,STANDARD,07-52,https://www.fcc.gov/ecfs/search/search-filings/filing/5514992180,American Library Association,Refer to Attachment(s).,3,https://www.fcc.gov/ecfs/document/5514992180/1,,,American Library Association,,,,,,,,,,,,,,,,,
Pro,Solo,Comments,6/15/2007,COMMENT,STANDARD,07-52,https://www.fcc.gov/ecfs/search/search-filings/filing/5514681157,Center for Democracy & Technology,Refer to Attachment(s).,17,https://www.fcc.gov/ecfs/document/5514681157/1,,6/15/2007,Center for Democracy & Technology,,,,,,,,,,,,,,,,,
Pro,Solo,Comments,2/13/2008,COMMENT,STANDARD,07-52,https://www.fcc.gov/ecfs/search/search-filings/filing/5514992166,Center for Democracy & Technology,Refer to Attachment(s).,12,https://www.fcc.gov/ecfs/document/5514992166/1,,2/13/2008,Center for Democracy & Technology,,,,,,,,,,,,,,,,,
Pro (Neutral),Solo,Comments,2/13/2008,COMMENT,STANDARD,07-52,https://www.fcc.gov/ecfs/search/search-filings/filing/5514992169,Christopher Soghoian,Refer to Attachment(s).,2,https://www.fcc.gov/ecfs/document/5514992169/1,,Cited in Order,Christopher Soghoian,,,,,,,,,,,,,,,,,
Pro (Neutral),Solo,Comments,2/13/2008,COMMENT,STANDARD,07-52,https://www.fcc.gov/ecfs/search/search-filings/filing/5514992174,Christopher Soghoian,Refer to Attachment(s).,3,https://www.fcc.gov/ecfs/document/5514992174/1,,Cited in Order,Christopher Soghoian,,,,,,,,,,,,,,,,,
Pro,Solo,Comments,6/15/2007,COMMENT,STANDARD,07-52,https://www.fcc.gov/ecfs/search/search-filings/filing/5514680964,Computer & Communications Industry Association,Refer to Attachment(s).,9,https://www.fcc.gov/ecfs/document/5514680964/1,,,Computer & Communications Industry Association,,,,,,,,,,,,,,,,,
Pro,Solo,Comments,6/15/2007,COMMENT,STANDARD,07-52,https://www.fcc.gov/ecfs/search/search-filings/filing/5514680964,Computer & Communications Industry Association,Refer to Attachment(s).,9,https://www.fcc.gov/ecfs/document/5514680964/1,,,Computer & Communications Industry Association,,,,,,,,,,,,,,,,,
Pro,Solo,Comments,2/13/2008,COMMENT,STANDARD,07-52,https://www.fcc.gov/ecfs/search/search-filings/filing/5514992132,Computer & Communications Industry Association,Refer to Attachment(s).,7,https://www.fcc.gov/ecfs/document/5514992132/1,,,Computer & Communications Industry Association,,,,,,,,,,,,,,,,,
Pro,Solo,Comments,2/13/2008,COMMENT,STANDARD,07-52,https://www.fcc.gov/ecfs/search/search-filings/filing/5514992132,Computer & Communications Industry Association,Refer to Attachment(s).,7,https://www.fcc.gov/ecfs/document/5514992132/1,,,Computer & Communications Industry Association,,,,,,,,,,,,,,,,,
Pro,Solo,Comments,6/15/2007,COMMENT,STANDARD,07-52,https://www.fcc.gov/ecfs/search/search-filings/filing/5514680765,"Data Foundry, Inc.",Refer to Attachment(s).,25,https://www.fcc.gov/ecfs/document/5514680765/1,,,Data Foundry,,,,,,,,,,,,,,,,,
Pro,Solo,Comments,1/31/2008,COMMENT,STANDARD,07-52,https://www.fcc.gov/ecfs/search/search-filings/filing/5514990138,David Gerisch,Refer to Attachment(s).,4,https://www.fcc.gov/ecfs/document/5514990138/1,,Comcast customer,David Gerisch,,,,,,,,,,,,,,,,,
Pro,Solo,Comments,6/15/2007,COMMENT,STANDARD,07-52,https://www.fcc.gov/ecfs/search/search-filings/filing/5514681186,Google Inc.,Refer to Attachment(s).,47,https://www.fcc.gov/ecfs/document/5514681186/1,,,Google,,,,,,,,,,,,,,,,,
Pro,Solo,Comments,3/17/2008,COMMENT,STANDARD,07-52,https://www.fcc.gov/ecfs/search/search-filings/filing/5515018008,Independent Film and Television Alliance,Refer to Attachment(s).,2,https://www.fcc.gov/ecfs/document/5515018008/1,,3/14/2008,Independent Film & Television Alliance,,,,,,,,,,,,,,,,,
Pro,Solo,Comments,7/22/2008,COMMENT,STANDARD,07-52,https://www.fcc.gov/ecfs/search/search-filings/filing/5515183361,Media Access Project,Refer to Attachment(s).,11,https://www.fcc.gov/ecfs/document/5515183361/1,,,Media Access Project,,,,,,,,,,,,,,,,,
Pro,Solo,Comments,2/13/2008,COMMENT,STANDARD,07-52,https://www.fcc.gov/ecfs/search/search-filings/filing/5514992225,National Assoc of REALTORS,Refer to Attachment(s).,2,https://www.fcc.gov/ecfs/document/5514992225/1,,2/13/2008,National Association of Realtors,,,,,,,,,,,,,,,,,
Pro,Solo,Comments,6/15/2007,COMMENT,STANDARD,07-52,https://www.fcc.gov/ecfs/search/search-filings/filing/5514680827,National Association of State Utility Consumer Advocates,Refer to Attachment(s).,34,https://www.fcc.gov/ecfs/document/5514680827/1,,,National Association of State Utility Consumer Advocates,,,,,,,,,,,,,,,,,
Pro,Solo,Comments,2/13/2008,COMMENT,STANDARD,07-52,https://www.fcc.gov/ecfs/search/search-filings/filing/5514992200,National Association of State Utility Consumer Advocates,Refer to Attachment(s).,8,https://www.fcc.gov/ecfs/document/5514992200/1,,,National Association of State Utility Consumer Advocates,,,,,,,,,,,,,,,,,
Pro,Solo,Comments,2/14/2008,COMMENT,STANDARD,07-52,https://www.fcc.gov/ecfs/search/search-filings/filing/5514992465,NATOA,Refer to Attachment(s).,9,https://www.fcc.gov/ecfs/document/5514992465/1,,,National Association of Telecommunications Officers & Advisors,,,,,,,,,,,,,,,,,
Pro,Solo,Comments,2/14/2008,COMMENT,STANDARD,07-52,https://www.fcc.gov/ecfs/search/search-filings/filing/5514992466,NATOA,Refer to Attachment(s).,5,https://www.fcc.gov/ecfs/document/5514992466/1,,,National Association of Telecommunications Officers & Advisors,,,,,,,,,,,,,,,,,
Pro,Solo,Comments,6/15/2007,COMMENT,STANDARD,07-52,https://www.fcc.gov/ecfs/search/search-filings/filing/5514681112,Open Internet Coalition,Refer to Attachment(s).,85,https://www.fcc.gov/ecfs/document/5514681112/1,,,Open Internet Coalition,,,,,,,,,,,,,,,,,
Pro,Solo,Comments,2/13/2008,COMMENT,STANDARD,07-52,https://www.fcc.gov/ecfs/search/search-filings/filing/5514992263,Open Internet Coalition,Refer to Attachment(s).,12,https://www.fcc.gov/ecfs/document/5514992263/1,,,Open Internet Coalition,,,,,,,,,,,,,,,,,
Pro,Solo,Comments,2/25/2008,COMMENT,STANDARD,07-52,https://www.fcc.gov/ecfs/search/search-filings/filing/5514994251,Robert M Topolski,Refer to Attachment(s).,5,https://www.fcc.gov/ecfs/document/5514994251/1,,2/25/2008,Robb Topolski,,,,,,,,,,,,,,,,,
Pro,Solo,Comments,2/26/2008,COMMENT,STANDARD,07-52,https://www.fcc.gov/ecfs/search/search-filings/filing/5514994588,Robert M Topolski,Refer to Attachment(s).,5,https://www.fcc.gov/ecfs/document/5514994588/1,,2/26/2008,Robb Topolski,,,,,,,,,,,,,,,,,
Pro,Solo,Comments,2/27/2008,COMMENT,STANDARD,07-52,https://www.fcc.gov/ecfs/search/search-filings/filing/5514997313,Robert M Topolski,Refer to Attachment(s).,12,https://www.fcc.gov/ecfs/document/5514997313/1,,2/27/2008,Robb Topolski,,,,,,,,,,,,,,,,,
Pro,Solo,Comments,2/28/2008,COMMENT,STANDARD,07-52,https://www.fcc.gov/ecfs/search/search-filings/filing/5515006318,Robert M Topolski,Refer to Attachment(s).,17,https://www.fcc.gov/ecfs/document/5515006318/1,,2/28/2008,Robb Topolski,,,,,,,,,,,,,,,,,
Pro,Solo,Comments,2/13/2008,COMMENT,STANDARD,07-52,https://www.fcc.gov/ecfs/search/search-filings/filing/5514992288,Vonage Holdings Corp.,Refer to Attachment(s).,8,https://www.fcc.gov/ecfs/document/5514992288/1,,2/13/2008,Vonage,,,,,,,,,,,,,,,,,
Pro,Solo,Comments,2/13/2008,COMMENT,STANDARD,07-52,https://www.fcc.gov/ecfs/search/search-filings/filing/5514992265,"Vuze, Inc.",Refer to Attachment(s).,4,https://www.fcc.gov/ecfs/document/5514992265/1,,2/13/2008,Vuze,,,,,,,,,,,,,,,,,
Pro (Neutral),Solo,In person,6/11/2008,NOTICE OF EXPARTE,STANDARD,07-52,https://www.fcc.gov/ecfs/search/search-filings/filing/5515175551,Audible Magic Corp.,Refer to Attachment(s).,2,https://www.fcc.gov/ecfs/document/5515175551/1,,6/10/2008,Audible Magic Corp.,,,,,,,,,,,,,,,,,
Pro (Neutral),Solo,In person,6/13/2008,NOTICE OF EXPARTE,STANDARD,07-52,https://www.fcc.gov/ecfs/search/search-filings/filing/5515177805,Audible Magic Corp.,Refer to Attachment(s).,2,https://www.fcc.gov/ecfs/document/5515177805/1,,6/12/2008,Audible Magic Corp.,,,,,,,,,,,,,,,,,
Pro,Solo,In person,6/4/2008,NOTICE OF EXPARTE,STANDARD,07-52,https://www.fcc.gov/ecfs/search/search-filings/filing/5515161727,Center for Democracy & Technology,Refer to Attachment(s).,19,https://www.fcc.gov/ecfs/document/5515161727/1,,6/4/2008,Center for Democracy & Technology,,,,,,,,,,,,,,,,,
Pro,Solo,In person,6/5/2008,NOTICE OF EXPARTE,STANDARD,07-52,https://www.fcc.gov/ecfs/search/search-filings/filing/5515161924,Center for Democracy & Technology,Refer to Attachment(s).,19,https://www.fcc.gov/ecfs/document/5515161924/1,,6/5/2008,Center for Democracy & Technology,,,,,,,,,,,,,,,,,
Pro,Solo,In person,6/13/2008,NOTICE OF EXPARTE,STANDARD,07-52,https://www.fcc.gov/ecfs/search/search-filings/filing/5515177708,Center for Democracy & Technology,Refer to Attachment(s).,19,https://www.fcc.gov/ecfs/document/5515177708/1,,6/13/2008,Center for Democracy & Technology,,,,,,,,,,,,,,,,,
Pro,Solo,In person,6/17/2008,NOTICE OF EXPARTE,STANDARD,07-52,https://www.fcc.gov/ecfs/search/search-filings/filing/5515179160,Center for Democracy & Technology,Refer to Attachment(s).,19,https://www.fcc.gov/ecfs/document/5515179160/1,,6/17/2008,Center for Democracy & Technology,,,,,,,,,,,,,,,,,
Pro,Solo,In person,10/15/2007,NOTICE OF EXPARTE,STANDARD,07-52,https://www.fcc.gov/ecfs/search/search-filings/filing/5514892949,"Data Foundry, Inc.",Refer to Attachment(s).,18,https://www.fcc.gov/ecfs/document/5514892949/1,,,Data Foundry,,,,,,,,,,,,,,,,,
Pro,Solo,In person,3/17/2008,NOTICE OF EXPARTE,STANDARD,07-52,https://www.fcc.gov/ecfs/search/search-filings/filing/5515017775,Free Press,Refer to Attachment(s).,2,https://www.fcc.gov/ecfs/document/5515017775/1,,3/13/2008,Free Press,,,,,,,,,,,,,,,,,
Pro,Solo,In person,6/23/2008,NOTICE OF EXPARTE,STANDARD,07-52,https://www.fcc.gov/ecfs/search/search-filings/filing/5515180202,Free Press,Refer to Attachment(s).,1,https://www.fcc.gov/ecfs/document/5515180202/1,,6/19/2008,Free Press,,,,,,,,,,,,,,,,,
Pro,Solo,In person,3/25/2008,NOTICE OF EXPARTE,STANDARD,07-52,https://www.fcc.gov/ecfs/search/search-filings/filing/5515019356,Media Access Project,Refer to Attachment(s).,1,https://www.fcc.gov/ecfs/document/5515019356/1,,3/20/2008,Media Access Project,,,,,,,,,,,,,,,,,
Pro,Solo,In person,5/20/2008,NOTICE OF EXPARTE,STANDARD,07-52,https://www.fcc.gov/ecfs/search/search-filings/filing/5515159904,Skype Communications S.A.R.L.,Refer to Attachment(s).,2,https://www.fcc.gov/ecfs/document/5515159904/1,,5/19/2008,Skype,,,,,,,,,,,,,,,,,
Pro,Solo,In person,11/14/2007,NOTICE OF EXPARTE,STANDARD,07-52,https://www.fcc.gov/ecfs/search/search-filings/filing/5514964131,"Vuze, Inc.",Refer to Attachment(s).,1,https://www.fcc.gov/ecfs/document/5514964131/1,,11/13/2007,Vuze,,,,,,,,,,,,,,,,,
Pro,Solo,In person,11/14/2007,NOTICE OF EXPARTE,STANDARD,07-52,https://www.fcc.gov/ecfs/search/search-filings/filing/5514964135,"Vuze, Inc.",Refer to Attachment(s).,1,https://www.fcc.gov/ecfs/document/5514964135/1,,11/14/2007,Vuze,,,,,,,,,,,,,,,,,
Pro,Solo,In person,11/21/2007,NOTICE OF EXPARTE,STANDARD,07-52,https://www.fcc.gov/ecfs/search/search-filings/filing/5514966725,"Vuze, Inc.",Refer to Attachment(s).,1,https://www.fcc.gov/ecfs/document/5514966725/1,,11/21/2007,Vuze,,,,,,,,,,,,,,,,,
Pro,Solo,In person,4/1/2008,NOTICE OF EXPARTE,STANDARD,07-52,https://www.fcc.gov/ecfs/search/search-filings/filing/5515020379,"Vuze, Inc.",Refer to Attachment(s).,3,https://www.fcc.gov/ecfs/document/5515020379/1,,3/31/2008,Vuze,,,,,,,,,,,,,,,,,
Pro,Solo,In person,4/18/2008,NOTICE OF EXPARTE,STANDARD,07-52,https://www.fcc.gov/ecfs/search/search-filings/filing/5515043984,"Vuze, Inc.",Refer to Attachment(s).,2,https://www.fcc.gov/ecfs/document/5515043984/1,,4/17/2008,Vuze,,,,,,,,,,,,,,,,,
Pro,Solo,Petition,11/14/2007,PETITION FOR RULEMAKING,STANDARD,07-52,https://www.fcc.gov/ecfs/search/search-filings/filing/5514964089,"Vuze, Inc.",Refer to Attachment(s).,20,https://www.fcc.gov/ecfs/document/5514964089/1,,11/14/2007,Vuze,,,,,,,,,,,,,,,,,
Pro,Solo,Reply Comments,7/16/2007,REPLY TO COMMENTS,STANDARD,07-52,https://www.fcc.gov/ecfs/search/search-filings/filing/5514708949,Center for Democracy & Technology,Refer to Attachment(s).,8,https://www.fcc.gov/ecfs/document/5514708949/1,,7/16/2007,Center for Democracy & Technology,,,,,,,,,,,,,,,,,
Pro,Solo,Reply Comments,2/28/2008,REPLY TO COMMENTS,STANDARD,07-52,https://www.fcc.gov/ecfs/search/search-filings/filing/5515005860,Center for Democracy & Technology,Refer to Attachment(s).,11,https://www.fcc.gov/ecfs/document/5515005860/1,,2/28/2008,Center for Democracy & Technology,,,,,,,,,,,,,,,,,
Pro,Solo,Reply Comments,7/16/2007,REPLY TO COMMENTS,STANDARD,07-52,https://www.fcc.gov/ecfs/search/search-filings/filing/5514708811,Computer & Communications Industry Association,Refer to Attachment(s).,12,https://www.fcc.gov/ecfs/document/5514708811/1,,,Computer & Communications Industry Association,,,,,,,,,,,,,,,,,
Pro,Solo,Reply Comments,7/16/2007,REPLY TO COMMENTS,STANDARD,07-52,https://www.fcc.gov/ecfs/search/search-filings/filing/5514708811,Computer & Communications Industry Association,Refer to Attachment(s).,12,https://www.fcc.gov/ecfs/document/5514708811/1,,,Computer & Communications Industry Association,,,,,,,,,,,,,,,,,
Pro,Solo,Reply Comments,2/28/2008,REPLY TO COMMENTS,STANDARD,07-52,https://www.fcc.gov/ecfs/search/search-filings/filing/5515005964,Computer & Communications Industry Association,Refer to Attachment(s).,4,https://www.fcc.gov/ecfs/document/5515005964/1,,,Computer & Communications Industry Association,,,,,,,,,,,,,,,,,
Pro,Solo,Reply Comments,2/28/2008,REPLY TO COMMENTS,STANDARD,07-52,https://www.fcc.gov/ecfs/search/search-filings/filing/5515005964,Computer & Communications Industry Association,Refer to Attachment(s).,4,https://www.fcc.gov/ecfs/document/5515005964/1,,,Computer & Communications Industry Association,,,,,,,,,,,,,,,,,
Pro,Solo,Reply Comments,7/16/2007,REPLY TO COMMENTS,STANDARD,07-52,https://www.fcc.gov/ecfs/search/search-filings/filing/5514709147,"Data Foundry, Inc.",Refer to Attachment(s).,28,https://www.fcc.gov/ecfs/document/5514709147/1,,,Data Foundry,,,,,,,,,,,,,,,,,
Pro,Solo,Reply Comments,2/28/2008,REPLY TO COMMENTS,STANDARD,07-52,https://www.fcc.gov/ecfs/search/search-filings/filing/5515006991,Electronic Frontier Foundation,Refer to Attachment(s).,22,https://www.fcc.gov/ecfs/document/5515006991/1,,,Electronic Frontier Foundation,,,,,,,,,,,,,,,,,
Pro,Solo,Reply Comments,7/16/2007,REPLY TO COMMENTS,STANDARD,07-52,https://www.fcc.gov/ecfs/search/search-filings/filing/5514708917,National Association of State Utility Consumer Advocates,Refer to Attachment(s).,30,https://www.fcc.gov/ecfs/document/5514708917/1,,,National Association of State Utility Consumer Advocates,,,,,,,,,,,,,,,,,
Pro,Solo,Reply Comments,2/28/2008,REPLY TO COMMENTS,STANDARD,07-52,https://www.fcc.gov/ecfs/search/search-filings/filing/5515005936,National Association of State Utility Consumer Advocates,Refer to Attachment(s).,8,https://www.fcc.gov/ecfs/document/5515005936/1,,,National Association of State Utility Consumer Advocates,,,,,,,,,,,,,,,,,
Pro,Solo,Reply Comments,7/16/2007,REPLY TO COMMENTS,STANDARD,07-52,https://www.fcc.gov/ecfs/search/search-filings/filing/5514709038,Open Internet Coalition,Refer to Attachment(s).,9,https://www.fcc.gov/ecfs/document/5514709038/1,,,Open Internet Coalition,,,,,,,,,,,,,,,,,
Pro,Solo,Reply Comments,4/4/2008,REPLY TO COMMENTS,STANDARD,07-52,https://www.fcc.gov/ecfs/search/search-filings/filing/5515020874,Robert M Topolski,Refer to Attachment(s).,10,https://www.fcc.gov/ecfs/document/5515020874/1,,4/3/2008,Robb Topolski,,,,,,,,,,,,,,,,,
Pro,Solo,Reply Comments,4/28/2008,REPLY TO COMMENTS,STANDARD,07-52,https://www.fcc.gov/ecfs/search/search-filings/filing/5515154026,Robert M Topolski,Refer to Attachment(s).,5,https://www.fcc.gov/ecfs/document/5515154026/1,,4/28/2008,Robb Topolski,,,,,,,,,,,,,,,,,
Pro,Solo,Reply Comments,4/29/2008,REPLY TO COMMENTS,STANDARD,07-52,https://www.fcc.gov/ecfs/search/search-filings/filing/5515156019,Robert M Topolski,Refer to Attachment(s).,17,https://www.fcc.gov/ecfs/document/5515156019/1,,4/29/2008,Robb Topolski,,,,,,,,,,,,,,,,,
Pro,Solo,Reply Comments,2/28/2008,REPLY TO COMMENTS,STANDARD,07-52,https://www.fcc.gov/ecfs/search/search-filings/filing/5515006077,Vonage Holdings Corp.,Refer to Attachment(s).,7,https://www.fcc.gov/ecfs/document/5515006077/1,,2/28/2008,Vonage,,,,,,,,,,,,,,,,,
Pro,Solo,Reply Comments,2/28/2008,REPLY TO COMMENTS,STANDARD,07-52,https://www.fcc.gov/ecfs/search/search-filings/filing/5515006466,"Vuze, Inc.",Refer to Attachment(s).,12,https://www.fcc.gov/ecfs/document/5515006466/1,,2/28/2008,Vuze,,,,,,,,,,,,,,,,,
Pro,Solo,telephone,7/28/2008,NOTICE OF EXPARTE,STANDARD,07-52,https://www.fcc.gov/ecfs/search/search-filings/filing/5515184162,Google Inc.,Refer to Attachment(s).,1,https://www.fcc.gov/ecfs/document/5515184162/1,,7/25/2008,Google,,,,,,,,,,,,,,,,,
Pro,Solo,telephone,11/29/2007,NOTICE OF EXPARTE,STANDARD,07-52,https://www.fcc.gov/ecfs/search/search-filings/filing/5514967951,"Vuze, Inc.",Refer to Attachment(s).,1,https://www.fcc.gov/ecfs/document/5514967951/1,,11/28/2007,Vuze,,,,,,,,,,,,,,,,,
Pro,Solo,telephone,11/29/2007,NOTICE OF EXPARTE,STANDARD,07-52,https://www.fcc.gov/ecfs/search/search-filings/filing/5514967951,"Vuze, Inc.",Refer to Attachment(s).,1,https://www.fcc.gov/ecfs/document/5514967951/1,,11/29/2007,Vuze,,,,,,,,,,,,,,,,,
Pro,Solo,Testimony,2/28/2008,TESTIMONY,STANDARD,07-52,https://www.fcc.gov/ecfs/search/search-filings/filing/5515005960,Eric Klinker,Refer to Attachment(s).,5,https://www.fcc.gov/ecfs/document/5515005960/1,,2/28/2008,BitTorrent,,,,,,,,,,,,,,,,,
Pro,Solo,Written,7/17/2008,LETTER,STANDARD,07-52,https://www.fcc.gov/ecfs/search/search-filings/filing/5515183010,John Blevins,Refer to Attachment(s).,13,https://www.fcc.gov/ecfs/document/5515183010/1,,,"John Blevins, South Texas College of Law",,,,,,,,,,,,,,,,,
Pro,Solo,Written,7/17/2008,LETTER,STANDARD,07-52,https://www.fcc.gov/ecfs/search/search-filings/filing/5515183010,John Blevins,Refer to Attachment(s).,13,https://www.fcc.gov/ecfs/document/5515183010/1,,7/17/2008,"John Blevins, South Texas College of Law",,,,,,,,,,,,,,,,,
Pro,Solo,Written,7/25/2008,NOTICE OF EXPARTE,STANDARD,07-52,https://www.fcc.gov/ecfs/search/search-filings/filing/5515183919,EDUCAUSE,Refer to Attachment(s).,3,https://www.fcc.gov/ecfs/document/5515183919/1,,,EDUCAUSE,,,,,,,,,,,,,,,,,
Pro,Solo,Written,7/17/2008,NOTICE OF EXPARTE,STANDARD,07-52,https://www.fcc.gov/ecfs/search/search-filings/filing/5515182819,Free Press,Refer to Attachment(s).,17,https://www.fcc.gov/ecfs/document/5515182819/1,,,Free Press,,,,,,,,,,,,,,,,,
Pro,Solo,Written,7/17/2008,NOTICE OF EXPARTE,STANDARD,07-52,https://www.fcc.gov/ecfs/search/search-filings/filing/5515182820,Free Press,Refer to Attachment(s).,5,https://www.fcc.gov/ecfs/document/5515182820/1,,,Free Press,,,,,,,,,,,,,,,,,
Pro,Solo,Written,7/23/2008,NOTICE OF EXPARTE,STANDARD,07-52,https://www.fcc.gov/ecfs/search/search-filings/filing/5515183495,Robert M Topolski,Refer to Attachment(s).,8,https://www.fcc.gov/ecfs/document/5515183495/1,,7/23/2008,Robb Topolski,,,,,,,,,,,,,,,,,
Pro,Solo,Written,4/22/2008,NOTICE OF EXPARTE,STANDARD,07-52,https://www.fcc.gov/ecfs/search/search-filings/filing/5515145682,"Vuze, Inc.",Refer to Attachment(s).,52,https://www.fcc.gov/ecfs/document/5515145682/1,,4/21/2008,Vuze,,,,,,,,,,,,,,,,,
Pro,Solo,Written ,7/31/2008,TESTIMONY,STANDARD,07-52,https://www.fcc.gov/ecfs/search/search-filings/filing/5515184770,Nicholas A. Degani / Lawrence Lessig Testimony on Network Neutrality,Refer to Attachment(s).,11,https://www.fcc.gov/ecfs/document/5515184770/1,,7/31/2008,"Lawrence Lessig, Harvard Law School",,,,,,,,,,,,,,,,,
Pro,Solo,Written ,7/31/2008,TESTIMONY,STANDARD,07-52,https://www.fcc.gov/ecfs/search/search-filings/filing/5515184771,Nicholas A. Degani / Lawrence Lessig Testimony on Future of the Internet,Refer to Attachment(s).,10,https://www.fcc.gov/ecfs/document/5515184771/1,,7/31/2008,"Lawrence Lessig, Harvard Law School",,,,,,,,,,,,,,,,,
Pro,Solo,Written (Testimony),2/27/2008,NOTICE OF EXPARTE,STANDARD,07-52,https://www.fcc.gov/ecfs/search/search-filings/filing/5514997215,"Vuze, Inc.",Refer to Attachment(s).,6,https://www.fcc.gov/ecfs/document/5514997215/1,,2/25/2008,Vuze,,,,,,,,,,,,,,,,,
Anti,Network,Comments,6/14/2007,NOTICE OF INQUIRY,STANDARD,07-52,https://www.fcc.gov/ecfs/search/search-filings/filing/5514679813,"Derek Hunter, Americans for Tax Reform",Refer to Attachment(s).,2,https://www.fcc.gov/ecfs/document/5514679813/1,,6/14/2007,Americans for Tax Reform,Media Freedom Project,Property Rights Alliance,American Shareholder’s Association,,,,,,,,,,,,,,
Anti,Network,Comments,6/15/2007,COMMENT,STANDARD,07-52,https://www.fcc.gov/ecfs/search/search-filings/filing/5514681171,The Nebraska Rural Independent Companies,Refer to Attachment(s).,16,https://www.fcc.gov/ecfs/document/5514681171/1,Nebraska Rural Independent Companies,6/15/2007,Arlington Telephone Company,Blair Telephone Company,Cambridge Telephone Company,Clarks Telecommunications,Consolidated Telco,Consolidated Telcom,Consolidated Telephone Company,Curtis Telephone Company,Eastern Nebraska Telephone Company,Great Plains Communications,Hartington Telecommunications Co.,Hershey Cooperative Telephone Co.,K. & M. Telephone Company,Nebraska Central Telephone Company,Northeast Nebraska Telephone Company,Rock County Telephone Company,Stanton Telecom Inc.,Three River Telco
Anti,Network,Comments,6/15/2007,COMMENT,STANDARD,07-52,https://www.fcc.gov/ecfs/search/search-filings/filing/5514681140,"Wayne Brough, Arthur A. Fleisher",Refer to Attachment(s).,10,https://www.fcc.gov/ecfs/document/5514681140/1,,6/15/2007,FreedomWorks,"Arthur A. Fleisher III, Metropolitan State College of Denver",,,,,,,,,,,,,,,,
Anti,Network,Comments,6/14/2007,COMMENT,STANDARD,07-52,https://www.fcc.gov/ecfs/search/search-filings/filing/5514680148,Internet Freedom Coalition,Refer to Attachment(s).,13,https://www.fcc.gov/ecfs/document/5514680148/1,,,Internet Freedom Coalition,Americans for Prosperity,Institute for Liberty,Institute for Policy Innovation,Media Freedom Project,Ethan Allen Institute,Americans for Tax Reform,Pullins Report,Public Interest Institute,Grassroot Institute of Hawaii,National Taxpayers Union,,,,,,,
Anti,Network,Comments,6/7/2007,COMMENT,STANDARD,07-52,https://www.fcc.gov/ecfs/search/search-filings/filing/5514673142,Steven Titch,Refer to Attachment(s).,11,https://www.fcc.gov/ecfs/document/5514673142/1,,6/7/2007,Steven Titch,Heartland Institute,Reason Foundation,,,,,,,,,,,,,,,
Anti,Network,Comments,2/13/2008,COMMENT,STANDARD,07-52,https://www.fcc.gov/ecfs/search/search-filings/filing/5514992183,Steven Titch,Refer to Attachment(s).,3,https://www.fcc.gov/ecfs/document/5514992183/1,,2/13/2008,Steven Titch,Reason Foundation,,,,,,,,,,,,,,,,
Anti,Network,Document,2/21/2008,MOTION,STANDARD,07-52,https://www.fcc.gov/ecfs/search/search-filings/filing/5514993507,The Progress & Freedom Foundation,Refer to Attachment(s).,3,https://www.fcc.gov/ecfs/document/5514993507/1,,"February 21, 2008",Progress & Freedom Foundation,Institute for Policy Innovation,U.S. Chamber of Commerce,,,,,,,,,,,,,,,
Anti,Network,In person,2/25/2008,NOTICE OF EXPARTE,STANDARD,07-52,https://www.fcc.gov/ecfs/search/search-filings/filing/5514994226,AT&T,Refer to Attachment(s).,1,https://www.fcc.gov/ecfs/document/5514994226/1,,"February 25, 2008",AT&T,Verizon,,,,,,,,,,,,,,,,
Anti,Network,In person,7/18/2008,NOTICE OF EXPARTE,STANDARD,07-52,https://www.fcc.gov/ecfs/search/search-filings/filing/5515183140,Comcast Corporation,Refer to Attachment(s).,2,https://www.fcc.gov/ecfs/document/5515183140/1,,"July 18, 2008",Comcast,National Cable & Telecommunications Association,,,,,,,,,,,,,,,,
Anti,Network,In person,7/13/2007,NOTICE OF EXPARTE,STANDARD,07-52,https://www.fcc.gov/ecfs/search/search-filings/filing/5514707709,"Criterion Economics, L.L.C.",Refer to Attachment(s).,62,https://www.fcc.gov/ecfs/document/5514707709/1,,7/12/2007,Criterion Economics,"Gerald Faulhaber, Wharton School, UPenn",,,,,,,,,,,,,,,,
Anti,Network,In person,5/16/2008,NOTICE OF EXPARTE,STANDARD,07-52,https://www.fcc.gov/ecfs/search/search-filings/filing/5515159467,Distributed Computing Industry Association-DCIA,Refer to Attachment(s).,10,https://www.fcc.gov/ecfs/document/5515159467/1,,"May 15, 2008",Distributed Computing Industry Association,P4P Working Group,,,,,,,,,,,,,,,,
Anti,Network,In person,5/16/2008,NOTICE OF EXPARTE,STANDARD,07-52,https://www.fcc.gov/ecfs/search/search-filings/filing/5515159467,Distributed Computing Industry Association-DCIA,Refer to Attachment(s).,10,https://www.fcc.gov/ecfs/document/5515159467/1,,5/15/2008,Distributed Computing Industry Association,P4P Working Group,,,,,,,,,,,,,,,,
Anti,Network,In person,6/12/2008,NOTICE OF EXPARTE,STANDARD,07-52,https://www.fcc.gov/ecfs/search/search-filings/filing/5515176913,Distributed Computing Industry Association-DCIA,Refer to Attachment(s).,10,https://www.fcc.gov/ecfs/document/5515176913/1,,"June 11, 2008",Distributed Computing Industry Association,P4P Working Group,,,,,,,,,,,,,,,,
Anti,Network,In person,6/12/2008,NOTICE OF EXPARTE,STANDARD,07-52,https://www.fcc.gov/ecfs/search/search-filings/filing/5515176913,Distributed Computing Industry Association-DCIA,Refer to Attachment(s).,10,https://www.fcc.gov/ecfs/document/5515176913/1,,6/11/2008,Distributed Computing Industry Association,P4P Working Group,,,,,,,,,,,,,,,,
Anti,Network,In person,6/24/2008,NOTICE OF EXPARTE,STANDARD,07-52,https://www.fcc.gov/ecfs/search/search-filings/filing/5515180288,Independent Telephone & Telecommunications Alliance,Refer to Attachment(s).,2,https://www.fcc.gov/ecfs/document/5515180288/1,,"June 23, 2008",Independent Telephone & Telecommunications Alliance,Embarq,Qwest,Windstream,,,,,,,,,,,,,,
Anti,Network,In person,7/2/2008,NOTICE OF EXPARTE,STANDARD,07-52,https://www.fcc.gov/ecfs/search/search-filings/filing/5515181311,Independent Telephone & Telecommunications Alliance,Refer to Attachment(s).,8,https://www.fcc.gov/ecfs/document/5515181311/1,,"July 2, 2008",Independent Telephone & Telecommunications Alliance,Embarq,,,,,,,,,,,,,,,,
Anti,Network,In person,7/11/2008,NOTICE OF EXPARTE,STANDARD,07-52,https://www.fcc.gov/ecfs/search/search-filings/filing/5515182415,National Cable & Telecommunications Association,Refer to Attachment(s).,6,https://www.fcc.gov/ecfs/document/5515182415/1,,"July 9, 2008",National Cable & Telecommunications Association,Insight Communications,,,,,,,,,,,,,,,,
Anti,Network,In person,7/24/2008,NOTICE OF EXPARTE,STANDARD,07-52,https://www.fcc.gov/ecfs/search/search-filings/filing/5515183735,National Cable & Telecommunications Association,Refer to Attachment(s).,2,https://www.fcc.gov/ecfs/document/5515183735/1,,"July 24, 2008",National Cable & Telecommunications Association,Bright House Networks,Charter,Time Warner,Time Warner Cable,Suddenlink,Cablevision,Cox,,,,,,,,,,
Anti,Network,In person,3/6/2008,NOTICE OF EXPARTE,STANDARD,07-52,https://www.fcc.gov/ecfs/search/search-filings/filing/5515014550,Recording Industry Association of America,Refer to Attachment(s).,1,https://www.fcc.gov/ecfs/document/5515014550/1,,3/5/2008,Recording Industry Association of America,TeleMedia Policy Corp,Capital Group,,,,,,,,,,,,,,,
Anti,Network,In person,4/4/2008,NOTICE OF EXPARTE,STANDARD,07-52,https://www.fcc.gov/ecfs/search/search-filings/filing/5515020859,Recording Industry Association of America,Refer to Attachment(s).,1,https://www.fcc.gov/ecfs/document/5515020859/1,,4/3/2008,Recording Industry Association of America,TeleMedia Policy Corp,,,,,,,,,,,,,,,,
Anti,Network,In person,7/25/2008,NOTICE OF EXPARTE,STANDARD,07-52,https://www.fcc.gov/ecfs/search/search-filings/filing/5515183915,Telecommunications Industry Association,Refer to Attachment(s).,2,https://www.fcc.gov/ecfs/document/5515183915/1,,"July 24, 2008",Telecommunications Industry Association,Nortel,Ciena,Alcatel-Lucent,Motorola,Cisco,,,,,,,,,,,,
Anti,Network,Reply Comments,2/28/2008,COMMENT,STANDARD,07-52,https://www.fcc.gov/ecfs/search/search-filings/filing/5515005620,Ad Hoc Telecom Manufacturer Coalition,Refer to Attachment(s).,5,https://www.fcc.gov/ecfs/document/5515005620/1,,2/28/2008,Ad Hoc Telecom Manufacturer Coalition,ADC Telecommunications,Enhanced Telecommunications,Sunrise Telecom,BTECH,MRV Communications,OFS Fitel,PECO II,Preformed Line Products,,,,,,,,,
Anti,Network,Reply Comments,7/16/2007,COMMENT,STANDARD,07-52,https://www.fcc.gov/ecfs/search/search-filings/filing/5514709017,The Nebraska Rural Independent Companies,Refer to Attachment(s).,19,https://www.fcc.gov/ecfs/document/5514709017/1,Nebraska Rural Independent Companies,7/16/2007,Arlington Telephone Company,Blair Telephone Company,Cambridge Telephone Company,Clarks Telecommunications,Consolidated Telco,Consolidated Telcom,Consolidated Telephone Company,Curtis Telephone Company,Eastern Nebraska Telephone Company,Great Plains Communications,Hartington Telecommunications Co.,Hershey Cooperative Telephone Co.,K. & M. Telephone Company,Nebraska Central Telephone Company,Northeast Nebraska Telephone Company,Rock County Telephone Company,Stanton Telecom Inc.,Three River Telco
Anti,Network,Reply Comments,2/28/2008,REPLY TO COMMENTS,STANDARD,07-52,https://www.fcc.gov/ecfs/search/search-filings/filing/5515006476,Christian Coalition of America; CP80 Found.; Enough is Enough; Stop Child Pred.,Refer to Attachment(s).,11,https://www.fcc.gov/ecfs/document/5515006476/1,,2/28/2008,Christian Coalition of America,CP80 Foundation,Enough is Enough,Stop Child Predators,,,,,,,,,,,,,,
Anti,Network,Reply Comments,7/16/2007,REPLY TO COMMENTS,STANDARD,07-52,https://www.fcc.gov/ecfs/search/search-filings/filing/5514708783,Internet Freedom Coalition,Refer to Attachment(s).,10,https://www.fcc.gov/ecfs/document/5514708783/1,,,Internet Freedom Coalition,Americans for Prosperity,Institute for Liberty,,,,,,,,,,,,,,,
Anti,Network,Reply Comments,2/28/2008,REPLY TO COMMENTS,STANDARD,07-52,https://www.fcc.gov/ecfs/search/search-filings/filing/5515006405,National Black Chamber of Commerce et al.,Refer to Attachment(s).,8,https://www.fcc.gov/ecfs/document/5515006405/1,,2/28/2008,National Black Chamber of Commerce,Labor Council for Latin American Advancement,Latinos in Information Sciences & Technology Association,League of Rural Voters,National Black Justice Coalition,National Council of Women’s Organizations,National Congress of Black Women,,,,,,,,,,,
Anti,Network,Reply to Opposition to Motion,2/26/2008,REPLY,STANDARD,07-52,https://www.fcc.gov/ecfs/search/search-filings/filing/5514994565,The Progress & Freedom Foundation,Refer to Attachment(s).,4,https://www.fcc.gov/ecfs/document/5514994565/1,,"February 26, 2008",Progress & Freedom Foundation,Institute for Policy Innovation,,,,,,,,,,,,,,,,
Anti,Solo,Comment,2/14/2008,COMMENT,STANDARD,07-52,https://www.fcc.gov/ecfs/search/search-filings/filing/5514992371,National Black Chamber of Commerce,Refer to Attachment(s).,2,https://www.fcc.gov/ecfs/document/5514992371/1,,,National Black Chamber of Commerce,,,,,,,,,,,,,,,,,
Anti,Solo,Comments,6/15/2007,COMMENT,STANDARD,07-52,https://www.fcc.gov/ecfs/search/search-filings/filing/5514680812,Ad Hoc Telecom Manufacturer Comments,Refer to Attachment(s).,4,https://www.fcc.gov/ecfs/document/5514680812/1,,6/15/2007,Ad Hoc Telecom Manufacturer Coalition,,,,,,,,,,,,,,,,,
Anti,Solo,Comments,6/15/2007,COMMENT,STANDARD,07-52,https://www.fcc.gov/ecfs/search/search-filings/filing/5514681176,American Cable Association,Refer to Attachment(s).,6,https://www.fcc.gov/ecfs/document/5514681176/1,,6/15/2007,American Cable Association,,,,,,,,,,,,,,,,,
Anti,Solo,Comments,6/15/2007,NOTICE OF INQUIRY,STANDARD,07-52,https://www.fcc.gov/ecfs/search/search-filings/filing/5514680678,American Consumer Institute,Refer to Attachment(s).,17,https://www.fcc.gov/ecfs/document/5514680678/1,,,American Consumer Institute,,,,,,,,,,,,,,,,,
Anti,Solo,Comments,6/15/2007,COMMENT,STANDARD,07-52,https://www.fcc.gov/ecfs/search/search-filings/filing/5514681066,AT&T Inc.,Refer to Attachment(s).,101,https://www.fcc.gov/ecfs/document/5514681066/1,,,AT&T,,,,,,,,,,,,,,,,,
Anti,Solo,Comments,2/13/2008,COMMENT,STANDARD,07-52,https://www.fcc.gov/ecfs/search/search-filings/filing/5514992196,AT&T,Refer to Attachment(s).,43,https://www.fcc.gov/ecfs/document/5514992196/1,,,AT&T,,,,,,,,,,,,,,,,,
Anti,Solo,Comments,6/6/2007,COMMENT,STANDARD,07-52,https://www.fcc.gov/ecfs/search/search-filings/filing/5514670703,Center for Individual Freedom,Refer to Attachment(s).,2,https://www.fcc.gov/ecfs/document/5514670703/1,,,Center for Individual Freedom,,,,,,,,,,,,,,,,,
Anti,Solo,Comments,6/7/2007,COMMENT,STANDARD,07-52,https://www.fcc.gov/ecfs/search/search-filings/filing/5514671767,"Citizens Against Government Waste, Thomas A. Schatz, President",Refer to Attachment(s).,2,https://www.fcc.gov/ecfs/document/5514671767/1,,6/7/2007,Citizens Against Government Waste,,,,,,,,,,,,,,,,,
Anti,Solo,Comments,2/12/2008,COMMENT,STANDARD,07-52,https://www.fcc.gov/ecfs/search/search-filings/filing/5514992083,Comcast Corporation,Refer to Attachment(s).,80,https://www.fcc.gov/ecfs/document/5514992083/1,,,Comcast,,,,,,,,,,,,,,,,,
Anti,Solo,Comments,6/15/2007,COMMENT,STANDARD,07-52,https://www.fcc.gov/ecfs/search/search-filings/filing/5514681192,"Competitive Enterprise Institute, Wayne Crews",Refer to Attachment(s).,19,https://www.fcc.gov/ecfs/document/5514681192/1,,6/15/2007,Competitive Enterprise Institute,,,,,,,,,,,,,,,,,
Anti,Solo,Comments,2/13/2008,COMMENT,STANDARD,07-52,https://www.fcc.gov/ecfs/search/search-filings/filing/5514992185,Wayne Crews,Refer to Attachment(s).,5,https://www.fcc.gov/ecfs/document/5514992185/1,,2/13/2008,Competitive Enterprise Institute,,,,,,,,,,,,,,,,,
Anti,Solo,Comments,6/15/2007,COMMENT,STANDARD,07-52,https://www.fcc.gov/ecfs/search/search-filings/filing/5514681203,CTIA - The Wireless Association,Refer to Attachment(s).,251,https://www.fcc.gov/ecfs/document/5514681203/1,,,CTIA - The Wireless Association,,,,,,,,,,,,,,,,,
Anti,Solo,Comments,2/13/2008,COMMENT,STANDARD,07-52,https://www.fcc.gov/ecfs/search/search-filings/filing/5514992266,CTIA - The Wireless Association,Refer to Attachment(s).,20,https://www.fcc.gov/ecfs/document/5514992266/1,,,CTIA - The Wireless Association,,,,,,,,,,,,,,,,,
Anti,Solo,Comments,2/13/2008,COMMENT,STANDARD,07-52,https://www.fcc.gov/ecfs/search/search-filings/filing/5514992278,Hance Haney,Refer to Attachment(s).,6,https://www.fcc.gov/ecfs/document/5514992278/1,"Discovery Institute, Technology & Democracy Project",2/13/2008,Discovery Institute,,,,,,,,,,,,,,,,,
Anti,Solo,Comments,7/16/2007,REPLY TO COMMENTS,STANDARD,07-52,https://www.fcc.gov/ecfs/search/search-filings/filing/5514990037,Discovery Institute,Refer to Attachment(s).,13,https://www.fcc.gov/ecfs/document/5514990037/1,"Discovery Institute, Technology & Democracy Project",7/16/2007,Discovery Institute,,,,,,,,,,,,,,,,,
Anti,Solo,Comments,2/13/2008,COMMENT,STANDARD,07-52,https://www.fcc.gov/ecfs/search/search-filings/filing/5514992150,Distributed Computing Industry Association -- DCIA,Refer to Attachment(s).,9,https://www.fcc.gov/ecfs/document/5514992150/1,,,Distributed Computing Industry Association,,,,,,,,,,,,,,,,,
Anti,Solo,Comments,2/13/2008,COMMENT,STANDARD,07-52,https://www.fcc.gov/ecfs/search/search-filings/filing/5514992150,Distributed Computing Industry Association -- DCIA,Refer to Attachment(s).,9,https://www.fcc.gov/ecfs/document/5514992150/1,,,Distributed Computing Industry Association,,,,,,,,,,,,,,,,,
Anti,Solo,Comments,6/15/2007,COMMENT,STANDARD,07-52,https://www.fcc.gov/ecfs/search/search-filings/filing/5514681166,Embarq,Refer to Attachment(s).,16,https://www.fcc.gov/ecfs/document/5514681166/1,,6/15/2007,Embarq,,,,,,,,,,,,,,,,,
Anti,Solo,Comments,2/13/2008,COMMENT,STANDARD,07-52,https://www.fcc.gov/ecfs/search/search-filings/filing/5514992308,Embarq,Refer to Attachment(s).,9,https://www.fcc.gov/ecfs/document/5514992308/1,,2/13/2008,Embarq,,,,,,,,,,,,,,,,,
Anti,Solo,Comments,2/12/2008,COMMENT,STANDARD,07-52,https://www.fcc.gov/ecfs/search/search-filings/filing/5514991982,The Free State Foundation,Refer to Attachment(s).,9,https://www.fcc.gov/ecfs/document/5514991982/1,,2/12/2008,Free State Foundation,,,,,,,,,,,,,,,,,
Anti,Solo,Comments,2/13/2008,COMMENT,STANDARD,07-52,https://www.fcc.gov/ecfs/search/search-filings/filing/5514992231,Frontier Communications,Refer to Attachment(s).,11,https://www.fcc.gov/ecfs/document/5514992231/1,,2/13/2008,Frontier,,,,,,,,,,,,,,,,,
Anti,Solo,Comments,2/13/2008,COMMENT,STANDARD,07-52,https://www.fcc.gov/ecfs/search/search-filings/filing/5514992164,George Ou,Refer to Attachment(s).,9,https://www.fcc.gov/ecfs/document/5514992164/1,,2/13/2008,George Ou,,,,,,,,,,,,,,,,,
Anti,Solo,Comments,6/15/2007,COMMENT,STANDARD,07-52,https://www.fcc.gov/ecfs/search/search-filings/filing/5514681134,Hands Off The Internet,Refer to Attachment(s).,39,https://www.fcc.gov/ecfs/document/5514681134/1,,,Hands Off The Internet,,,,,,,,,,,,,,,,,
Anti,Solo,Comments,2/13/2008,COMMENT,STANDARD,07-52,https://www.fcc.gov/ecfs/search/search-filings/filing/5514992181,Hands Off The Internet,Refer to Attachment(s).,18,https://www.fcc.gov/ecfs/document/5514992181/1,,,Hands Off The Internet,,,,,,,,,,,,,,,,,
Anti,Solo,Comments,6/14/2007,COMMENT,STANDARD,07-52,https://www.fcc.gov/ecfs/search/search-filings/filing/5514679884,Jose L Rodriguez,Refer to Attachment(s).,2,https://www.fcc.gov/ecfs/document/5514679884/1,,6/14/2007,Hispanic Information & Telecommunications Network,,,,,,,,,,,,,,,,,
Anti,Solo,Comments,2/13/2008,COMMENT,STANDARD,07-52,https://www.fcc.gov/ecfs/search/search-filings/filing/5514992208,Independent Telephone & Telecommunications Alliance,Refer to Attachment(s).,9,https://www.fcc.gov/ecfs/document/5514992208/1,,,Independent Telephone & Telecommunications Alliance,,,,,,,,,,,,,,,,,
Anti,Solo,Comments,2/13/2008,COMMENT,STANDARD,07-52,https://www.fcc.gov/ecfs/search/search-filings/filing/5514992144,Information Technology and Innovation Foundation,Refer to Attachment(s).,12,https://www.fcc.gov/ecfs/document/5514992144/1,,2/13/2008,Information Technology & Innovation Foundation,,,,,,,,,,,,,,,,,
Anti,Solo,Comments,7/15/2008,COMMENT,STANDARD,07-52,https://www.fcc.gov/ecfs/search/search-filings/filing/5515182652,George Ou,Refer to Attachment(s).,11,https://www.fcc.gov/ecfs/document/5515182652/1,,7/15/2008,Information Technology & Innovation Foundation,,,,,,,,,,,,,,,,,
Anti,Solo,Comments,6/15/2007,COMMENT,STANDARD,07-52,https://www.fcc.gov/ecfs/search/search-filings/filing/5514681198,Information Technology Industry Council,Refer to Attachment(s).,3,https://www.fcc.gov/ecfs/document/5514681198/1,,,Information Technology Industry Council,,,,,,,,,,,,,,,,,
Anti,Solo,Comments,2/13/2008,COMMENT,STANDARD,07-52,https://www.fcc.gov/ecfs/search/search-filings/filing/5514992154,Institute for Policy Innovation,Refer to Attachment(s).,5,https://www.fcc.gov/ecfs/document/5514992154/1,,,Institute for Policy Innovation,,,,,,,,,,,,,,,,,
Anti,Solo,Comments,6/4/2007,NOTICE OF INQUIRY,STANDARD,07-52,https://www.fcc.gov/ecfs/search/search-filings/filing/5514668315,S. Floyd Mori,Refer to Attachment(s).,2,https://www.fcc.gov/ecfs/document/5514668315/1,,6/4/2007,Japanese American Citizens League,,,,,,,,,,,,,,,,,
Anti,Solo,Comments,2/13/2008,COMMENT,STANDARD,07-52,https://www.fcc.gov/ecfs/search/search-filings/filing/5514992285,"Laurence Brett Glass, d/b/a LARIAT",Refer to Attachment(s).,7,https://www.fcc.gov/ecfs/document/5514992285/1,,2/13/2008,LARIAT,,,,,,,,,,,,,,,,,
Anti,Solo,Comments,7/29/2008,COMMENT,STANDARD,07-52,https://www.fcc.gov/ecfs/search/search-filings/filing/5515184263,"Laurence Brett Glass, d/b/a LARIAT",Refer to Attachment(s).,4,https://www.fcc.gov/ecfs/document/5515184263/1,,7/29/2008,LARIAT,,,,,,,,,,,,,,,,,
Anti,Solo,Comments,6/13/2007,COMMENT,STANDARD,07-52,https://www.fcc.gov/ecfs/search/search-filings/filing/5514679343,J.D. Hokoyama,Refer to Attachment(s).,1,https://www.fcc.gov/ecfs/document/5514679343/1,,6/8/2007,Leadership Education For Asian Pacifics,,,,,,,,,,,,,,,,,
Anti,Solo,Comments,6/14/2007,COMMENT,STANDARD,07-52,https://www.fcc.gov/ecfs/search/search-filings/filing/5514684283,Media Institute,Refer to Attachment(s).,8,https://www.fcc.gov/ecfs/document/5514684283/1,,6/14/2007,Media Institute,,,,,,,,,,,,,,,,,
Anti,Solo,Comments,6/14/2007,COMMENT,STANDARD,07-52,https://www.fcc.gov/ecfs/search/search-filings/filing/5514679807,Jerry Ellig,Refer to Attachment(s).,33,https://www.fcc.gov/ecfs/document/5514679807/1,,6/15/2007,Mercatus Center at George Mason University,"Jerry Ellig, Mercatus Center at George Mason University",,,,,,,,,,,,,,,,
Anti (Neutral),Solo,Comments,6/15/2007,COMMENT,STANDARD,07-52,https://www.fcc.gov/ecfs/search/search-filings/filing/5514681067,"Motion Picture Association of America, Inc.",Refer to Attachment(s).,9,https://www.fcc.gov/ecfs/document/5514681067/1,,6/15/2007,Motion Picture Association of America,,,,,,,,,,,,,,,,,
Anti,Solo,Comments,6/15/2007,COMMENT,STANDARD,07-52,https://www.fcc.gov/ecfs/search/search-filings/filing/5514681070,National Cable & Telecommunications Association,Refer to Attachment(s).,41,https://www.fcc.gov/ecfs/document/5514681070/1,,,National Cable & Telecommunications Association,,,,,,,,,,,,,,,,,
Anti,Solo,Comments,2/13/2008,COMMENT,STANDARD,07-52,https://www.fcc.gov/ecfs/search/search-filings/filing/5514992170,National Cable & Telecommunications Association,Refer to Attachment(s).,14,https://www.fcc.gov/ecfs/document/5514992170/1,,,National Cable & Telecommunications Association,,,,,,,,,,,,,,,,,
Anti,Solo,Comments,6/13/2007,COMMENT,STANDARD,07-52,https://www.fcc.gov/ecfs/search/search-filings/filing/5514679019,Leroy Watson,Refer to Attachment(s).,3,https://www.fcc.gov/ecfs/document/5514679019/1,,6/7/2007,National Grange,,,,,,,,,,,,,,,,,
Anti,Solo,Comments,2/22/2008,COMMENT,STANDARD,07-52,https://www.fcc.gov/ecfs/search/search-filings/filing/5514993710,Leroy Watson,Refer to Attachment(s).,3,https://www.fcc.gov/ecfs/document/5514993710/1,,2/12/2008,National Grange,,,,,,,,,,,,,,,,,
Anti,Solo,Comments,6/15/2007,COMMENT,STANDARD,07-52,https://www.fcc.gov/ecfs/search/search-filings/filing/5514680916,National Telecommunications Cooperative Association,Refer to Attachment(s).,6,https://www.fcc.gov/ecfs/document/5514680916/1,,6/15/2007,National Telecommunications Cooperative Association,,,,,,,,,,,,,,,,,
Anti,Solo,Comments,2/13/2008,COMMENT,STANDARD,07-52,https://www.fcc.gov/ecfs/search/search-filings/filing/5514992156,National Telecommunications Cooperative Association,Refer to Attachment(s).,10,https://www.fcc.gov/ecfs/document/5514992156/1,,2/13/2008,National Telecommunications Cooperative Association,,,,,,,,,,,,,,,,,
Anti,Solo,Comments,6/15/2007,COMMENT,STANDARD,07-52,https://www.fcc.gov/ecfs/search/search-filings/filing/5514680677,"Marc Morial, National Urban League",Refer to Attachment(s).,2,https://www.fcc.gov/ecfs/document/5514680677/1,,,National Urban League,,,,,,,,,,,,,,,,,
Anti,Solo,Comments,6/15/2007,COMMENT,STANDARD,07-52,https://www.fcc.gov/ecfs/search/search-filings/filing/5514680983,"Marc Morial, National Urban League",Refer to Attachment(s).,2,https://www.fcc.gov/ecfs/document/5514680983/1,,,National Urban League,,,,,,,,,,,,,,,,,
Anti,Solo,Comments,6/15/2007,COMMENT,STANDARD,07-52,https://www.fcc.gov/ecfs/search/search-filings/filing/5514680720,"NBC Universal, Inc.",Refer to Attachment(s).,10,https://www.fcc.gov/ecfs/document/5514680720/1,,6/15/2007,NBCUniversal,,,,,,,,,,,,,,,,,
Anti,Solo,Comments,2/13/2008,COMMENT,STANDARD,07-52,https://www.fcc.gov/ecfs/search/search-filings/filing/5514992254,"NBC Universal, Inc.",Refer to Attachment(s).,4,https://www.fcc.gov/ecfs/document/5514992254/1,,2/13/2008,NBCUniversal,,,,,,,,,,,,,,,,,
Anti,Solo,Comments,2/28/2008,COMMENT,STANDARD,07-52,https://www.fcc.gov/ecfs/search/search-filings/filing/5515006907,"NBC Universal, Inc.",Refer to Attachment(s).,24,https://www.fcc.gov/ecfs/document/5515006907/1,,2/28/2008,NBCUniversal,,,,,,,,,,,,,,,,,
Anti,Solo,Comments,2/13/2008,COMMENT,STANDARD,07-52,https://www.fcc.gov/ecfs/search/search-filings/filing/5514992194,OPASTCO,Refer to Attachment(s).,8,https://www.fcc.gov/ecfs/document/5514992194/1,,2/13/2008,Organization for the Promotion & Advancement of Small Telecommunications Companies,,,,,,,,,,,,,,,,,
Anti,Solo,Comments,2/13/2008,COMMENT,STANDARD,07-52,https://www.fcc.gov/ecfs/search/search-filings/filing/5514992291,PART-15.ORG,Refer to Attachment(s).,8,https://www.fcc.gov/ecfs/document/5514992291/1,Part-15.Org,2/13/2008,Part 15 Organization,,,,,,,,,,,,,,,,,
Anti,Solo,Comments,6/14/2007,COMMENT,STANDARD,07-52,https://www.fcc.gov/ecfs/search/search-filings/filing/5514679560,"Thomas M. Lenard, The Progress & Freedom Foundation",Refer to Attachment(s).,10,https://www.fcc.gov/ecfs/document/5514679560/1,,,Progress & Freedom Foundation,,,,,,,,,,,,,,,,,
Anti,Solo,Comments,2/13/2008,COMMENT,STANDARD,07-52,https://www.fcc.gov/ecfs/search/search-filings/filing/5514992140,W. Kenneth Ferree,Refer to Attachment(s).,12,https://www.fcc.gov/ecfs/document/5514992140/1,,2/13/2008,Progress & Freedom Foundation,,,,,,,,,,,,,,,,,
Anti,Solo,Comments,6/15/2007,COMMENT,STANDARD,07-52,https://www.fcc.gov/ecfs/search/search-filings/filing/5514681191,Qwest Communications International Inc.,Refer to Attachment(s).,17,https://www.fcc.gov/ecfs/document/5514681191/1,,6/15/2007,Qwest,,,,,,,,,,,,,,,,,
Anti,Solo,Comments,2/13/2008,COMMENT,STANDARD,07-52,https://www.fcc.gov/ecfs/search/search-filings/filing/5514992271,Qwest Communications International Inc.,Refer to Attachment(s).,9,https://www.fcc.gov/ecfs/document/5514992271/1,,2/13/2008,Qwest,,,,,,,,,,,,,,,,,
Anti,Solo,Comments,2/13/2008,COMMENT,STANDARD,07-52,https://www.fcc.gov/ecfs/search/search-filings/filing/5514992187,Recording Industry Association of America,Refer to Attachment(s).,70,https://www.fcc.gov/ecfs/document/5514992187/3,,,Recording Industry Association of America,,,,,,,,,,,,,,,,,
Anti,Solo,Comments,2/12/2008,COMMENT,STANDARD,07-52,https://www.fcc.gov/ecfs/search/search-filings/filing/5514992013,Karen Kerrigan/SBE Council,Refer to Attachment(s).,3,https://www.fcc.gov/ecfs/document/5514992013/1,,,Small Business & Entrepreneurship Council,,,,,,,,,,,,,,,,,
Anti,Solo,Comments,2/13/2008,COMMENT,STANDARD,07-52,https://www.fcc.gov/ecfs/search/search-filings/filing/5514992277,Sony Electronics Inc.,Refer to Attachment(s).,8,https://www.fcc.gov/ecfs/document/5514992277/1,,2/13/2008,Sony,,,,,,,,,,,,,,,,,
Anti,Solo,Comments,6/15/2007,COMMENT,STANDARD,07-52,https://www.fcc.gov/ecfs/search/search-filings/filing/5514681085,Sprint Nextel Corporation,Refer to Attachment(s).,72,https://www.fcc.gov/ecfs/document/5514681085/3,,6/15/2007,Sprint,,,,,,,,,,,,,,,,,
Anti,Solo,Comments,6/13/2007,COMMENT,STANDARD,07-52,https://www.fcc.gov/ecfs/search/search-filings/filing/5514679377,Telecommunications Industry Association,Refer to Attachment(s).,14,https://www.fcc.gov/ecfs/document/5514679377/1,,,Telecommunications Industry Association,,,,,,,,,,,,,,,,,
Anti,Solo,Comments,2/13/2008,COMMENT,STANDARD,07-52,https://www.fcc.gov/ecfs/search/search-filings/filing/5514992256,Telecommunications Industry Association,Refer to Attachment(s).,27,https://www.fcc.gov/ecfs/document/5514992256/1,,,Telecommunications Industry Association,,,,,,,,,,,,,,,,,
Anti,Solo,Comments,2/28/2008,COMMENT,STANDARD,07-52,https://www.fcc.gov/ecfs/search/search-filings/filing/5515006245,Telecommunications Industry Association,Refer to Attachment(s).,10,https://www.fcc.gov/ecfs/document/5515006245/1,,,Telecommunications Industry Association,,,,,,,,,,,,,,,,,
Anti,Solo,Comments,6/15/2007,COMMENT,STANDARD,07-52,https://www.fcc.gov/ecfs/search/search-filings/filing/5514680648,Time Warner Inc.,Refer to Attachment(s).,17,https://www.fcc.gov/ecfs/document/5514680648/1,,,Time Warner,,,,,,,,,,,,,,,,,
Anti,Solo,Comments,2/13/2008,COMMENT,STANDARD,07-52,https://www.fcc.gov/ecfs/search/search-filings/filing/5514992262,Time Warner Cable Inc.,Refer to Attachment(s).,33,https://www.fcc.gov/ecfs/document/5514992262/1,,,Time Warner Cable,,,,,,,,,,,,,,,,,
Anti,Solo,Comments,6/15/2007,COMMENT,STANDARD,07-52,https://www.fcc.gov/ecfs/search/search-filings/filing/5514681132,U.S. Chamber of Commerce,Refer to Attachment(s).,6,https://www.fcc.gov/ecfs/document/5514681132/1,,,U.S. Chamber of Commerce,,,,,,,,,,,,,,,,,
Anti,Solo,Comments,2/13/2008,COMMENT,STANDARD,07-52,https://www.fcc.gov/ecfs/search/search-filings/filing/5514992239,U.S. Chamber of Commerce,Refer to Attachment(s).,9,https://www.fcc.gov/ecfs/document/5514992239/1,,,U.S. Chamber of Commerce,,,,,,,,,,,,,,,,,
Anti,Solo,Comments,2/22/2008,COMMENT,STANDARD,07-52,https://www.fcc.gov/ecfs/search/search-filings/filing/5514993627,John G. Flores,Refer to Attachment(s).,3,https://www.fcc.gov/ecfs/document/5514993627/1,,2/22/2008,United States Distance Learning Association,,,,,,,,,,,,,,,,,
Anti,Solo,Comments,6/19/2007,COMMENT,STANDARD,07-52,https://www.fcc.gov/ecfs/search/search-filings/filing/5514684238,United States Hispanic Chamber of Commerce,Refer to Attachment(s).,1,https://www.fcc.gov/ecfs/document/5514684238/1,,6/14/2007,U.S. Hispanic Chamber of Commerce,,,,,,,,,,,,,,,,,
Anti,Solo,Comments,6/15/2007,COMMENT,STANDARD,07-52,https://www.fcc.gov/ecfs/search/search-filings/filing/5514680860,United States Telecom Association,Refer to Attachment(s).,18,https://www.fcc.gov/ecfs/document/5514680860/1,,,United States Telecom Association,,,,,,,,,,,,,,,,,
Anti,Solo,Comments,2/13/2008,COMMENT,STANDARD,07-52,https://www.fcc.gov/ecfs/search/search-filings/filing/5514992268,United States Telecom Association,Refer to Attachment(s).,20,https://www.fcc.gov/ecfs/document/5514992268/1,,,United States Telecom Association,,,,,,,,,,,,,,,,,
Anti,Solo,Comments,6/15/2007,COMMENT,STANDARD,07-52,https://www.fcc.gov/ecfs/search/search-filings/filing/5514681144,Verizon,Refer to Attachment(s).,487,https://www.fcc.gov/ecfs/document/5514681144/1,,,Verizon,,,,,,,,,,,,,,,,,
Anti,Solo,Comments,2/13/2008,COMMENT,STANDARD,07-52,https://www.fcc.gov/ecfs/search/search-filings/filing/5514992276,Verizon,Refer to Attachment(s).,51,https://www.fcc.gov/ecfs/document/5514992276/1,,,Verizon,,,,,,,,,,,,,,,,,
Anti,Solo,Comments,3/14/2008,NOTICE OF EXPARTE,STANDARD,07-52,https://www.fcc.gov/ecfs/search/search-filings/filing/5515017572,VON Coalition,Refer to Attachment(s).,7,https://www.fcc.gov/ecfs/document/5515017572/1,,3/14/2008,Voice on the Net Coalition,,,,,,,,,,,,,,,,,
Anti,Solo,Comments,6/15/2007,COMMENT,STANDARD,07-52,https://www.fcc.gov/ecfs/search/search-filings/filing/5514681071,"Wireless Communications Association International, Inc.",Refer to Attachment(s).,8,https://www.fcc.gov/ecfs/document/5514681071/1,,6/15/2007,Wireless Communications Association International,,,,,,,,,,,,,,,,,
Anti,Solo,Comments,2/13/2008,COMMENT,STANDARD,07-52,https://www.fcc.gov/ecfs/search/search-filings/filing/5514992235,"The Wireless Communications Association International, Inc.",Refer to Attachment(s).,7,https://www.fcc.gov/ecfs/document/5514992235/1,,2/13/2008,Wireless Communications Association International,,,,,,,,,,,,,,,,,
Anti,Solo,Comments (Testimony),4/21/2008,COMMENT,STANDARD,07-52,https://www.fcc.gov/ecfs/search/search-filings/filing/5515044033,George Ou,Refer to Attachment(s).,17,https://www.fcc.gov/ecfs/document/5515044033/1,,4/17/2008,George Ou,,,,,,,,,,,,,,,,,
Anti,Solo,Comments (Testimony),4/28/2008,COMMENT,STANDARD,07-52,https://www.fcc.gov/ecfs/search/search-filings/filing/5515151200,George Ou,Refer to Attachment(s).,5,https://www.fcc.gov/ecfs/document/5515151200/1,,4/28/2008,George Ou,,,,,,,,,,,,,,,,,
Anti,Solo,Exhibit,7/31/2008,EXHIBIT,STANDARD,07-52,https://www.fcc.gov/ecfs/search/search-filings/filing/5515184777,"Nicholas A. Degani / Materials from Hart v. Comcast, C-07-06350-PJH",Refer to Attachment(s).,58,https://www.fcc.gov/ecfs/document/5515184777/1,,,Comcast,,,,,,,,,,,,,,,,,
Anti,Solo,In person,4/3/2008,NOTICE OF EXPARTE,STANDARD,07-52,https://www.fcc.gov/ecfs/search/search-filings/filing/5515020647,The American Consumer Institute CCR,Refer to Attachment(s).,16,https://www.fcc.gov/ecfs/document/5515020647/1,,4/2/2008,American Consumer Institute,,,,,,,,,,,,,,,,,
Anti,Solo,In person,6/20/2007,NOTICE OF EXPARTE,STANDARD,07-52,https://www.fcc.gov/ecfs/search/search-filings/filing/5514685110,"AT&T Services, Inc.",Refer to Attachment(s).,2,https://www.fcc.gov/ecfs/document/5514685110/1,,6/19/2007,AT&T,,,,,,,,,,,,,,,,,
Anti,Solo,In person,7/24/2007,NOTICE OF EXPARTE,STANDARD,07-52,https://www.fcc.gov/ecfs/search/search-filings/filing/5514710915,"AT&T, Inc.",Refer to Attachment(s).,4,https://www.fcc.gov/ecfs/document/5514710915/1,,7/20/2007,AT&T,,,,,,,,,,,,,,,,,
Anti,Solo,In person,3/12/2008,NOTICE OF EXPARTE,STANDARD,07-52,https://www.fcc.gov/ecfs/search/search-filings/filing/5515016956,AT&T,Refer to Attachment(s).,18,https://www.fcc.gov/ecfs/document/5515016956/1,,3/11/2008,AT&T,,,,,,,,,,,,,,,,,
Anti,Solo,In person,3/20/2008,NOTICE OF EXPARTE,STANDARD,07-52,https://www.fcc.gov/ecfs/search/search-filings/filing/5515018378,AT&T,Refer to Attachment(s).,18,https://www.fcc.gov/ecfs/document/5515018378/1,,3/19/2008,AT&T,,,,,,,,,,,,,,,,,
Anti,Solo,In person,4/2/2008,NOTICE OF EXPARTE,STANDARD,07-52,https://www.fcc.gov/ecfs/search/search-filings/filing/5515020531,"AT&T Services, Inc.",Refer to Attachment(s).,1,https://www.fcc.gov/ecfs/document/5515020531/1,,3/31/2008,AT&T,,,,,,,,,,,,,,,,,
Anti,Solo,In person,4/7/2008,NOTICE OF EXPARTE,STANDARD,07-52,https://www.fcc.gov/ecfs/search/search-filings/filing/5515021574,AT&T,Refer to Attachment(s).,30,https://www.fcc.gov/ecfs/document/5515021574/1,,4/4/2008,AT&T,,,,,,,,,,,,,,,,,
Anti,Solo,In person,7/7/2008,NOTICE OF EXPARTE,STANDARD,07-52,https://www.fcc.gov/ecfs/search/search-filings/filing/5515181699,AT&T,Refer to Attachment(s).,1,https://www.fcc.gov/ecfs/document/5515181699/1,,7/2/2008,AT&T,,,,,,,,,,,,,,,,,
Anti,Solo,In person,6/19/2008,NOTICE OF EXPARTE,STANDARD,07-52,https://www.fcc.gov/ecfs/search/search-filings/filing/5515179666,"Cox Communications, Inc.",Refer to Attachment(s).,6,https://www.fcc.gov/ecfs/document/5515179666/2,,6/18/2008,Cox,,,,,,,,,,,,,,,,,
Anti,Solo,In person,7/11/2008,NOTICE OF EXPARTE,STANDARD,07-52,https://www.fcc.gov/ecfs/search/search-filings/filing/5515182452,"Cox Enterprises, Inc.",Refer to Attachment(s).,1,https://www.fcc.gov/ecfs/document/5515182452/1,,7/10/2008,Cox,,,,,,,,,,,,,,,,,
Anti,Solo,In person,6/14/2007,NOTICE OF EXPARTE,STANDARD,07-52,https://www.fcc.gov/ecfs/search/search-filings/filing/5514679935,CTIA - The Wireless Association,Refer to Attachment(s).,10,https://www.fcc.gov/ecfs/document/5514679935/2,,6/13/2007,CTIA - The Wireless Association,,,,,,,,,,,,,,,,,
Anti,Solo,In person,6/14/2007,NOTICE OF EXPARTE,STANDARD,07-52,https://www.fcc.gov/ecfs/search/search-filings/filing/5514679945,CTIA - The Wireless Association,Refer to Attachment(s).,10,https://www.fcc.gov/ecfs/document/5514679945/1,,6/13/2007,CTIA - The Wireless Association,,,,,,,,,,,,,,,,,
Anti,Solo,In person,6/19/2007,NOTICE OF EXPARTE,STANDARD,07-52,https://www.fcc.gov/ecfs/search/search-filings/filing/5514684566,CTIA - The Wireless Association,Refer to Attachment(s).,2,https://www.fcc.gov/ecfs/document/5514684566/1,,6/18/2007,CTIA - The Wireless Association,,,,,,,,,,,,,,,,,
Anti,Solo,In person,6/19/2007,NOTICE OF EXPARTE,STANDARD,07-52,https://www.fcc.gov/ecfs/search/search-filings/filing/5514684589,CTIA - The Wireless Association,Refer to Attachment(s).,8,https://www.fcc.gov/ecfs/document/5514684589/4,,6/18/2007,CTIA - The Wireless Association,,,,,,,,,,,,,,,,,
Anti,Solo,In person,6/19/2007,NOTICE OF EXPARTE,STANDARD,07-52,https://www.fcc.gov/ecfs/search/search-filings/filing/5514684611,CTIA - The Wireless Association,Refer to Attachment(s).,8,https://www.fcc.gov/ecfs/document/5514684611/4,,6/18/2007,CTIA - The Wireless Association,,,,,,,,,,,,,,,,,
Anti,Solo,In person,6/20/2007,NOTICE OF EXPARTE,STANDARD,07-52,https://www.fcc.gov/ecfs/search/search-filings/filing/5514685088,CTIA - The Wireless Association,Refer to Attachment(s).,11,https://www.fcc.gov/ecfs/document/5514685088/2,,6/19/2007,CTIA - The Wireless Association,,,,,,,,,,,,,,,,,
Anti,Solo,In person,6/21/2007,NOTICE OF EXPARTE,STANDARD,07-52,https://www.fcc.gov/ecfs/search/search-filings/filing/5514685474,CTIA- The Wireless Association,Refer to Attachment(s).,8,https://www.fcc.gov/ecfs/document/5514685474/4,,6/20/2007,CTIA - The Wireless Association,,,,,,,,,,,,,,,,,
Anti,Solo,In person,7/10/2007,NOTICE OF EXPARTE,STANDARD,07-52,https://www.fcc.gov/ecfs/search/search-filings/filing/5514703547,CTIA - The Wireless Association,Refer to Attachment(s).,5,https://www.fcc.gov/ecfs/document/5514703547/3,,7/10/2007,CTIA - The Wireless Association,,,,,,,,,,,,,,,,,
Anti,Solo,In person,7/18/2007,NOTICE OF EXPARTE,STANDARD,07-52,https://www.fcc.gov/ecfs/search/search-filings/filing/5514709639,CTIA - The Wireless Association,Refer to Attachment(s).,2,https://www.fcc.gov/ecfs/document/5514709639/1,,7/17/2007,CTIA - The Wireless Association,,,,,,,,,,,,,,,,,
Anti,Solo,In person,7/18/2007,NOTICE OF EXPARTE,STANDARD,07-52,https://www.fcc.gov/ecfs/search/search-filings/filing/5514709645,CTIA - The Wireless Association,Refer to Attachment(s).,2,https://www.fcc.gov/ecfs/document/5514709645/1,,7/17/2007,CTIA - The Wireless Association,,,,,,,,,,,,,,,,,
Anti,Solo,In person,7/19/2007,NOTICE OF EXPARTE,STANDARD,07-52,https://www.fcc.gov/ecfs/search/search-filings/filing/5514709899,CTIA - The Wireless Association,Refer to Attachment(s).,5,https://www.fcc.gov/ecfs/document/5514709899/2,,7/18/2007,CTIA - The Wireless Association,,,,,,,,,,,,,,,,,
Anti,Solo,In person,7/19/2007,NOTICE OF EXPARTE,STANDARD,07-52,https://www.fcc.gov/ecfs/search/search-filings/filing/5514709911,CTIA - The Wireless Association,Refer to Attachment(s).,11,https://www.fcc.gov/ecfs/document/5514709911/2,,7/18/2007,CTIA - The Wireless Association,,,,,,,,,,,,,,,,,
Anti,Solo,In person,7/20/2007,NOTICE OF EXPARTE,STANDARD,07-52,https://www.fcc.gov/ecfs/search/search-filings/filing/5514710218,CTIA - The Wireless Association,Refer to Attachment(s).,4,https://www.fcc.gov/ecfs/document/5514710218/2,,7/19/2007,CTIA - The Wireless Association,,,,,,,,,,,,,,,,,
Anti,Solo,In person,7/20/2007,NOTICE OF EXPARTE,STANDARD,07-52,https://www.fcc.gov/ecfs/search/search-filings/filing/5514710223,CTIA - The Wireless Association,Refer to Attachment(s).,2,https://www.fcc.gov/ecfs/document/5514710223/1,,7/19/2007,CTIA - The Wireless Association,,,,,,,,,,,,,,,,,
Anti,Solo,In person,1/29/2008,NOTICE OF EXPARTE,STANDARD,07-52,https://www.fcc.gov/ecfs/search/search-filings/filing/5514989623,CTIA- The Wireless Association,Refer to Attachment(s).,31,https://www.fcc.gov/ecfs/document/5514989623/4,,1/28/2008,CTIA - The Wireless Association,,,,,,,,,,,,,,,,,
Anti,Solo,In person,2/6/2008,NOTICE OF EXPARTE,STANDARD,07-52,https://www.fcc.gov/ecfs/search/search-filings/filing/5514991042,CTIA - The Wireless Association,Refer to Attachment(s).,54,https://www.fcc.gov/ecfs/document/5514991042/5,,2/5/2008,CTIA - The Wireless Association,,,,,,,,,,,,,,,,,
Anti,Solo,In person,2/7/2008,NOTICE OF EXPARTE,STANDARD,07-52,https://www.fcc.gov/ecfs/search/search-filings/filing/5514991320,CTIA- The Wireless Association,Refer to Attachment(s).,31,https://www.fcc.gov/ecfs/document/5514991320/4,,2/6/2008,CTIA - The Wireless Association,,,,,,,,,,,,,,,,,
Anti,Solo,In person,5/1/2008,NOTICE OF EXPARTE,STANDARD,07-52,https://www.fcc.gov/ecfs/search/search-filings/filing/5515156929,CTIA- The Wireless Association,Refer to Attachment(s).,27,https://www.fcc.gov/ecfs/document/5515156929/3,,4/30/2008,CTIA - The Wireless Association,,,,,,,,,,,,,,,,,
Anti,Solo,In person,5/6/2008,NOTICE OF EXPARTE,STANDARD,07-52,https://www.fcc.gov/ecfs/search/search-filings/filing/5515158069,CTIA -The Wireless Association,Refer to Attachment(s).,27,https://www.fcc.gov/ecfs/document/5515158069/3,,,CTIA - The Wireless Association,,,,,,,,,,,,,,,,,
Anti,Solo,In person,5/6/2008,NOTICE OF EXPARTE,STANDARD,07-52,https://www.fcc.gov/ecfs/search/search-filings/filing/5515158081,CTIA -The Wireless Association,Refer to Attachment(s).,27,https://www.fcc.gov/ecfs/document/5515158081/3,,5/5/2008,CTIA - The Wireless Association,,,,,,,,,,,,,,,,,
Anti,Solo,In person,5/6/2008,NOTICE OF EXPARTE,STANDARD,07-52,https://www.fcc.gov/ecfs/search/search-filings/filing/5515158082,CTIA -The Wireless Association,Refer to Attachment(s).,27,https://www.fcc.gov/ecfs/document/5515158082/3,,5/5/2008,CTIA - The Wireless Association,,,,,,,,,,,,,,,,,
Anti,Solo,In person,5/6/2008,NOTICE OF EXPARTE,STANDARD,07-52,https://www.fcc.gov/ecfs/search/search-filings/filing/5515158087,CTIA -The Wireless Association,Refer to Attachment(s).,27,https://www.fcc.gov/ecfs/document/5515158087/2,,5/5/2008,CTIA - The Wireless Association,,,,,,,,,,,,,,,,,
Anti,Solo,In person,5/7/2008,NOTICE OF EXPARTE,STANDARD,07-52,https://www.fcc.gov/ecfs/search/search-filings/filing/5515158358,CTIA - The Wireless Association,Refer to Attachment(s).,27,https://www.fcc.gov/ecfs/document/5515158358/3,,5/6/2008,CTIA - The Wireless Association,,,,,,,,,,,,,,,,,
Anti,Solo,In person,7/25/2008,NOTICE OF EXPARTE,STANDARD,07-52,https://www.fcc.gov/ecfs/search/search-filings/filing/5515183952,CTIA - The Wireless Association,Refer to Attachment(s).,1,https://www.fcc.gov/ecfs/document/5515183952/1,,7/25/2008,CTIA - The Wireless Association,,,,,,,,,,,,,,,,,
Anti,Solo,In person,4/22/2008,NOTICE OF EXPARTE,STANDARD,07-52,https://www.fcc.gov/ecfs/search/search-filings/filing/5515145491,Citizens and Frontier Communications,Refer to Attachment(s).,2,https://www.fcc.gov/ecfs/document/5515145491/1,,4/21/2008,Frontier,,,,,,,,,,,,,,,,,
Anti,Solo,In person,4/23/2008,NOTICE OF EXPARTE,STANDARD,07-52,https://www.fcc.gov/ecfs/search/search-filings/filing/5515146566,Citizens and Frontier Communications,Refer to Attachment(s).,2,https://www.fcc.gov/ecfs/document/5515146566/1,,4/22/2008,Frontier,,,,,,,,,,,,,,,,,
Anti,Solo,In person,3/19/2008,NOTICE OF EXPARTE,STANDARD,07-52,https://www.fcc.gov/ecfs/search/search-filings/filing/5515018232,"Laurence Brett Glass, d/b/a LARIAT",Refer to Attachment(s).,16,https://www.fcc.gov/ecfs/document/5515018232/1,,3/11/2008,LARIAT,,,,,,,,,,,,,,,,,
Anti,Solo,In person,6/6/2007,NOTICE OF EXPARTE,STANDARD,07-52,https://www.fcc.gov/ecfs/search/search-filings/filing/5514670388,National Telecommunications Cooperative Association,Refer to Attachment(s).,4,https://www.fcc.gov/ecfs/document/5514670388/1,NTCA Summer Meeting,6/5/2007,National Telecommunications Cooperative Association,,,,,,,,,,,,,,,,,
Anti,Solo,In person,2/4/2008,NOTICE OF EXPARTE,STANDARD,07-52,https://www.fcc.gov/ecfs/search/search-filings/filing/5514990595,"NBC Universal, Inc.",Refer to Attachment(s).,2,https://www.fcc.gov/ecfs/document/5514990595/1,,1/31/2008,NBCUniversal,,,,,,,,,,,,,,,,,
Anti,Solo,In person,9/17/2007,NOTICE OF EXPARTE,STANDARD,07-52,https://www.fcc.gov/ecfs/search/search-filings/filing/5514876605,Nortel,Refer to Attachment(s).,10,https://www.fcc.gov/ecfs/document/5514876605/1,,9/14/2007,Nortel,,,,,,,,,,,,,,,,,
Anti,Solo,In person,2/12/2008,NOTICE OF EXPARTE,STANDARD,07-52,https://www.fcc.gov/ecfs/search/search-filings/filing/5514991936,Recording Industry Association of America,Refer to Attachment(s).,1,https://www.fcc.gov/ecfs/document/5514991936/1,outside of FCC,,Recording Industry Association of America,,,,,,,,,,,,,,,,,
Anti,Solo,In person,4/16/2008,NOTICE OF EXPARTE,STANDARD,07-52,https://www.fcc.gov/ecfs/search/search-filings/filing/5515042265,Recording Industry Association of America,Refer to Attachment(s).,1,https://www.fcc.gov/ecfs/document/5515042265/1,,,Recording Industry Association of America,,,,,,,,,,,,,,,,,
Anti,Solo,In person,7/31/2008,NOTICE OF EXPARTE,STANDARD,07-52,https://www.fcc.gov/ecfs/search/search-filings/filing/5515184995,Suddenlink Communications,Refer to Attachment(s).,1,https://www.fcc.gov/ecfs/document/5515184995/1,,7/25/2008,Suddenlink,,,,,,,,,,,,,,,,,
Anti,Solo,In person,6/10/2008,NOTICE OF EXPARTE,STANDARD,07-52,https://www.fcc.gov/ecfs/search/search-filings/filing/5515162966,Telecommunications Industry Association,Refer to Attachment(s).,4,https://www.fcc.gov/ecfs/document/5515162966/1,,,Telecommunications Industry Association,,,,,,,,,,,,,,,,,
Anti,Solo,In person,6/11/2008,NOTICE OF EXPARTE,STANDARD,07-52,https://www.fcc.gov/ecfs/search/search-filings/filing/5515173964,Telecommunications Industry Association,Refer to Attachment(s).,4,https://www.fcc.gov/ecfs/document/5515173964/1,,,Telecommunications Industry Association,,,,,,,,,,,,,,,,,
Anti,Solo,In person,6/30/2008,NOTICE OF EXPARTE,STANDARD,07-52,https://www.fcc.gov/ecfs/search/search-filings/filing/5515180992,Telecommunications Industry Association,Refer to Attachment(s).,4,https://www.fcc.gov/ecfs/document/5515180992/1,,6/27/2008,Telecommunications Industry Association,,,,,,,,,,,,,,,,,
Anti,Solo,In person,7/29/2008,NOTICE OF EXPARTE,STANDARD,07-52,https://www.fcc.gov/ecfs/search/search-filings/filing/5515184316,Time Warner Inc,Refer to Attachment(s).,1,https://www.fcc.gov/ecfs/document/5515184316/1,,7/28/2008,Time Warner Cable,,,,,,,,,,,,,,,,,
Anti,Solo,Intent,3/28/2008,INTENT TO PARITICIPATE IN ORAL ARGUMENT,STANDARD,07-52,https://www.fcc.gov/ecfs/search/search-filings/filing/5515019853,Comcast Corporation,Refer to Attachment(s).,2,https://www.fcc.gov/ecfs/document/5515019853/1,,,Comcast,,,,,,,,,,,,,,,,,
Anti,Solo,Intent,7/28/2008,INTENT TO PARITICIPATE IN ORAL ARGUMENT,STANDARD,07-52,https://www.fcc.gov/ecfs/search/search-filings/filing/5515184094,Telecommunications Industry Association,Refer to Attachment(s).,9,https://www.fcc.gov/ecfs/document/5515184094/1,,,Telecommunications Industry Association,,,,,,,,,,,,,,,,,
Anti,Solo,Letter,6/15/2007,COMMENT,STANDARD,07-52,https://www.fcc.gov/ecfs/search/search-filings/filing/5514680793,American Homeowners Grassroots Alliance,Refer to Attachment(s).,4,https://www.fcc.gov/ecfs/document/5514680793/1,,6/15/2007,American Homeowners Grassroots Alliance,,,,,,,,,,,,,,,,,
Anti,Solo,Letter,2/13/2008,COMMENT,STANDARD,07-52,https://www.fcc.gov/ecfs/search/search-filings/filing/5514992148,Bruce Hahn,Refer to Attachment(s).,4,https://www.fcc.gov/ecfs/document/5514992148/1,,2/12/2008,American Homeowners Grassroots Alliance,,,,,,,,,,,,,,,,,
Anti,Solo,Letter,2/11/2008,COMMENT,STANDARD,07-52,https://www.fcc.gov/ecfs/search/search-filings/filing/5514991597,"Amplex Electric, Inc / Mark R Radabaugh, VP",Refer to Attachment(s).,4,https://www.fcc.gov/ecfs/document/5514991597/1,Amplex Electric,2/11/2008,Amplex,,,,,,,,,,,,,,,,,
Anti,Solo,Letter,6/15/2007,COMMENT,STANDARD,07-52,https://www.fcc.gov/ecfs/search/search-filings/filing/5514680581,Vincent A. Eng,Refer to Attachment(s).,2,https://www.fcc.gov/ecfs/document/5514680581/1,,6/11/2007,Asian American Justice Center,,,,,,,,,,,,,,,,,
Anti,Solo,Letter,3/27/2008,LETTER,STANDARD,07-52,https://www.fcc.gov/ecfs/search/search-filings/filing/5515019635,Comcast Corporation,Refer to Attachment(s).,4,https://www.fcc.gov/ecfs/document/5515019635/1,,,Comcast,,,,,,,,,,,,,,,,,
Anti,Solo,Letter,3/11/2008,NOTICE OF EXPARTE,STANDARD,07-52,https://www.fcc.gov/ecfs/search/search-filings/filing/5515016809,Comcast Corporation,Refer to Attachment(s).,4,https://www.fcc.gov/ecfs/document/5515016809/1,,,Comcast,,,,,,,,,,,,,,,,,
Anti,Solo,Letter,6/15/2007,COMMENT,STANDARD,07-52,https://www.fcc.gov/ecfs/search/search-filings/filing/5514680803,Manuel Mirabal,Refer to Attachment(s).,2,https://www.fcc.gov/ecfs/document/5514680803/1,,6/15/2007,Hispanic Technology & Telecommunications Partnership,,,,,,,,,,,,,,,,,
Anti,Solo,Letter,2/13/2008,COMMENT,STANDARD,07-52,https://www.fcc.gov/ecfs/search/search-filings/filing/5514992201,Phillip J. Bond,Refer to Attachment(s).,2,https://www.fcc.gov/ecfs/document/5514992201/1,ITAA,2/13/2008,Information Technology Association of America,,,,,,,,,,,,,,,,,
Anti,Solo,Reply Comments,2/27/2008,REPLY TO COMMENTS,STANDARD,07-52,https://www.fcc.gov/ecfs/search/search-filings/filing/5514998456,Advanced Communications Law & Policy Institute,Refer to Attachment(s).,30,https://www.fcc.gov/ecfs/document/5514998456/1,,2/27/2008,Advanced Communications Law & Policy Institute at New York Law School,,,,,,,,,,,,,,,,,
Anti,Solo,Reply Comments,7/16/2007,REPLY TO COMMENTS,STANDARD,07-52,https://www.fcc.gov/ecfs/search/search-filings/filing/5514709113,"Akamai Technologies, Inc.",Refer to Attachment(s).,13,https://www.fcc.gov/ecfs/document/5514709113/1,,7/16/2007,Akamai,,,,,,,,,,,,,,,,,
Anti,Solo,Reply Comments,7/16/2007,REPLY TO COMMENTS,STANDARD,07-52,https://www.fcc.gov/ecfs/search/search-filings/filing/5514709154,Alcatel-Lucent,Refer to Attachment(s).,23,https://www.fcc.gov/ecfs/document/5514709154/1,,7/16/2007,Alcatel-Lucent,,,,,,,,,,,,,,,,,
Anti,Solo,Reply Comments,7/13/2007,REPLY TO COMMENTS,STANDARD,07-52,https://www.fcc.gov/ecfs/search/search-filings/filing/5514707701,The American Consumer Institute,Refer to Attachment(s).,20,https://www.fcc.gov/ecfs/document/5514707701/1,,7/13/2007,American Consumer Institute,,,,,,,,,,,,,,,,,
Anti,Solo,Reply Comments,2/28/2008,REPLY TO COMMENTS,STANDARD,07-52,https://www.fcc.gov/ecfs/search/search-filings/filing/5515006428,American Legislative Exchange Council,Refer to Attachment(s).,9,https://www.fcc.gov/ecfs/document/5515006428/1,,,American Legislative Exchange Council,,,,,,,,,,,,,,,,,
Anti,Solo,Reply Comments,7/16/2007,REPLY TO COMMENTS,STANDARD,07-52,https://www.fcc.gov/ecfs/search/search-filings/filing/5514709009,AT&T Inc.,Refer to Attachment(s).,62,https://www.fcc.gov/ecfs/document/5514709009/1,,,AT&T,,,,,,,,,,,,,,,,,
Anti,Solo,Reply Comments,2/28/2008,REPLY TO COMMENTS,STANDARD,07-52,https://www.fcc.gov/ecfs/search/search-filings/filing/5515006052,AT&T Inc.,Refer to Attachment(s).,20,https://www.fcc.gov/ecfs/document/5515006052/1,,,AT&T,,,,,,,,,,,,,,,,,
Anti,Solo,Reply Comments,7/16/2007,REPLY TO COMMENTS,STANDARD,07-52,https://www.fcc.gov/ecfs/search/search-filings/filing/5514708984,"Cisco Systems, Inc.",Refer to Attachment(s).,22,https://www.fcc.gov/ecfs/document/5514708984/1,,,Cisco,,,,,,,,,,,,,,,,,
Anti,Solo,Reply Comments,2/28/2008,REPLY TO COMMENTS,STANDARD,07-52,https://www.fcc.gov/ecfs/search/search-filings/filing/5515006876,"Cisco Systems, Inc.",Refer to Attachment(s).,6,https://www.fcc.gov/ecfs/document/5515006876/1,,,Cisco,,,,,,,,,,,,,,,,,
Anti,Solo,Reply Comments,2/28/2008,REPLY TO COMMENTS,STANDARD,07-52,https://www.fcc.gov/ecfs/search/search-filings/filing/5515007057,Comcast Corporation,Refer to Attachment(s).,54,https://www.fcc.gov/ecfs/document/5515007057/1,,,Comcast,,,,,,,,,,,,,,,,,
Anti,Solo,Reply Comments,7/16/2007,REPLY TO COMMENTS,STANDARD,07-52,https://www.fcc.gov/ecfs/search/search-filings/filing/5514709105,CTIA - The Wireless Association,Refer to Attachment(s).,28,https://www.fcc.gov/ecfs/document/5514709105/1,,,CTIA - The Wireless Association,,,,,,,,,,,,,,,,,
Anti,Solo,Reply Comments,2/28/2008,REPLY TO COMMENTS,STANDARD,07-52,https://www.fcc.gov/ecfs/search/search-filings/filing/5515006565,CTIA - The Wireless Association,Refer to Attachment(s).,17,https://www.fcc.gov/ecfs/document/5515006565/1,,,CTIA - The Wireless Association,,,,,,,,,,,,,,,,,
Anti,Solo,Reply Comments,7/16/2007,REPLY TO COMMENTS,STANDARD,07-52,https://www.fcc.gov/ecfs/search/search-filings/filing/5514708836,Hands Off The Internet,Refer to Attachment(s).,23,https://www.fcc.gov/ecfs/document/5514708836/1,,,Hands Off The Internet,,,,,,,,,,,,,,,,,
Anti,Solo,Reply Comments,2/28/2008,REPLY TO COMMENTS,STANDARD,07-52,https://www.fcc.gov/ecfs/search/search-filings/filing/5515004225,Hands Off The Internet,Refer to Attachment(s).,7,https://www.fcc.gov/ecfs/document/5515004225/1,,,Hands Off The Internet,,,,,,,,,,,,,,,,,
Anti,Solo,Reply Comments,7/16/2007,REPLY TO COMMENTS,STANDARD,07-52,https://www.fcc.gov/ecfs/search/search-filings/filing/5514708995,"Hughes Network Systems, LLC",Refer to Attachment(s).,5,https://www.fcc.gov/ecfs/document/5514708995/1,,7/16/2007,Hughes Network Systems,,,,,,,,,,,,,,,,,
Anti,Solo,Reply Comments,4/4/2008,REPLY TO COMMENTS,STANDARD,07-52,https://www.fcc.gov/ecfs/search/search-filings/filing/5515020798,"Laurence Brett Glass, d/b/a LARIAT",Refer to Attachment(s).,2,https://www.fcc.gov/ecfs/document/5515020798/1,,4/4/2008,LARIAT,,,,,,,,,,,,,,,,,
Anti,Solo,Reply Comments,7/16/2007,REPLY,STANDARD,07-52,https://www.fcc.gov/ecfs/search/search-filings/filing/5514709015,Mercatus Center at George Mason University,Refer to Attachment(s).,12,https://www.fcc.gov/ecfs/document/5514709015/1,,7/16/2007,Mercatus Center at George Mason University,,,,,,,,,,,,,,,,,
Anti (Neutral),Solo,Reply Comments,2/28/2008,REPLY,STANDARD,07-52,https://www.fcc.gov/ecfs/search/search-filings/filing/5515006425,Frank Cavaliere,Refer to Attachment(s).,17,https://www.fcc.gov/ecfs/document/5515006425/2,,2/28/2008,Motion Picture Association of America,,,,,,,,,,,,,,,,,
Anti,Solo,Reply Comments,6/15/2007,REPLY TO COMMENTS,STANDARD,07-52,https://www.fcc.gov/ecfs/search/search-filings/filing/5514680909,"National Black Chamber of Commerce, Inc.",Refer to Attachment(s).,2,https://www.fcc.gov/ecfs/document/5514680909/1,,,National Black Chamber of Commerce,,,,,,,,,,,,,,,,,
Anti,Solo,Reply Comments,7/16/2007,REPLY TO COMMENTS,STANDARD,07-52,https://www.fcc.gov/ecfs/search/search-filings/filing/5514708844,National Cable & Telecommunications Association,Refer to Attachment(s).,24,https://www.fcc.gov/ecfs/document/5514708844/1,,,National Cable & Telecommunications Association,,,,,,,,,,,,,,,,,
Anti,Solo,Reply Comments,3/4/2008,REPLY TO COMMENTS,STANDARD,07-52,https://www.fcc.gov/ecfs/search/search-filings/filing/5515013547,National Cable & Telecommunications Association,Refer to Attachment(s).,16,https://www.fcc.gov/ecfs/document/5515013547/1,,,National Cable & Telecommunications Association,,,,,,,,,,,,,,,,,
Anti,Solo,Reply Comments,7/11/2007,REPLY TO COMMENTS,STANDARD,07-52,https://www.fcc.gov/ecfs/search/search-filings/filing/5514705292,OPASTCO,Refer to Attachment(s).,8,https://www.fcc.gov/ecfs/document/5514705292/1,,7/11/2007,Organization for the Promotion & Advancement of Small Telecommunications Companies,,,,,,,,,,,,,,,,,
Anti,Solo,Reply Comments,2/28/2008,COMMENT,STANDARD,07-52,https://www.fcc.gov/ecfs/search/search-filings/filing/5515005677,W. Kenneth Ferree,Refer to Attachment(s).,3,https://www.fcc.gov/ecfs/document/5515005677/1,,2/28/2008,Progress & Freedom Foundation,,,,,,,,,,,,,,,,,
Anti,Solo,Reply Comments,7/16/2007,REPLY TO COMMENTS,STANDARD,07-52,https://www.fcc.gov/ecfs/search/search-filings/filing/5514709064,Qwest Communications International Inc.,Refer to Attachment(s).,23,https://www.fcc.gov/ecfs/document/5514709064/1,,7/16/2007,Qwest,,,,,,,,,,,,,,,,,
Anti,Solo,Reply Comments,2/28/2008,REPLY TO COMMENTS,STANDARD,07-52,https://www.fcc.gov/ecfs/search/search-filings/filing/5515005873,Recording Industry Association of America,Refer to Attachment(s).,6,https://www.fcc.gov/ecfs/document/5515005873/1,,,Recording Industry Association of America,,,,,,,,,,,,,,,,,
Anti,Solo,Reply Comments,2/28/2008,REPLY TO COMMENTS,STANDARD,07-52,https://www.fcc.gov/ecfs/search/search-filings/filing/5515005917,Songwriters Guild of America,Refer to Attachment(s).,4,https://www.fcc.gov/ecfs/document/5515005917/1,,2/28/2008,Songwriters Guild of America,,,,,,,,,,,,,,,,,
Anti,Solo,Reply Comments,2/28/2008,REPLY TO COMMENTS,STANDARD,07-52,https://www.fcc.gov/ecfs/search/search-filings/filing/5515006501,Time Warner Cable Inc.,Refer to Attachment(s).,19,https://www.fcc.gov/ecfs/document/5515006501/1,,,Time Warner Cable,,,,,,,,,,,,,,,,,
Anti,Solo,Reply Comments,2/28/2008,REPLY TO COMMENTS,STANDARD,07-52,https://www.fcc.gov/ecfs/search/search-filings/filing/5515006328,U.S. Chamber of Commerce,Refer to Attachment(s).,4,https://www.fcc.gov/ecfs/document/5515006328/1,,,U.S. Chamber of Commerce,,,,,,,,,,,,,,,,,
Anti,Solo,Reply Comments,7/16/2007,REPLY TO COMMENTS,STANDARD,07-52,https://www.fcc.gov/ecfs/search/search-filings/filing/5514708922,UNITED STATES TELECOM ASSOCIATION,Refer to Attachment(s).,7,https://www.fcc.gov/ecfs/document/5514708922/1,,,United States Telecom Association,,,,,,,,,,,,,,,,,
Anti,Solo,Reply Comments,2/28/2008,REPLY TO COMMENTS,STANDARD,07-52,https://www.fcc.gov/ecfs/search/search-filings/filing/5515006600,United States Telecom Association,Refer to Attachment(s).,10,https://www.fcc.gov/ecfs/document/5515006600/1,,,United States Telecom Association,,,,,,,,,,,,,,,,,
Anti,Solo,Reply Comments,7/16/2007,REPLY TO COMMENTS,STANDARD,07-52,https://www.fcc.gov/ecfs/search/search-filings/filing/5514709040,Verizon and Verizon Wireless,Refer to Attachment(s).,44,https://www.fcc.gov/ecfs/document/5514709040/1,,,Verizon,,,,,,,,,,,,,,,,,
Anti,Solo,Reply Comments,2/28/2008,REPLY TO COMMENTS,STANDARD,07-52,https://www.fcc.gov/ecfs/search/search-filings/filing/5515006485,Verizon,Refer to Attachment(s).,21,https://www.fcc.gov/ecfs/document/5515006485/1,,,Verizon,,,,,,,,,,,,,,,,,
Anti,Solo,Statement,2/26/2008,STATEMENT,STANDARD,07-52,https://www.fcc.gov/ecfs/search/search-filings/filing/5514995112,Comcast Corporation,Refer to Attachment(s).,20,https://www.fcc.gov/ecfs/document/5514995112/1,,,Comcast,,,,,,,,,,,,,,,,,
Anti,Solo,telephone,2/25/2008,NOTICE OF EXPARTE,STANDARD,07-52,https://www.fcc.gov/ecfs/search/search-filings/filing/5514994223,AT&T,Refer to Attachment(s).,1,https://www.fcc.gov/ecfs/document/5514994223/1,,2/22/2008,AT&T,,,,,,,,,,,,,,,,,
Anti,Solo,telephone,7/25/2008,NOTICE OF EXPARTE,STANDARD,07-52,https://www.fcc.gov/ecfs/search/search-filings/filing/5515183800,Charter Communications,Refer to Attachment(s).,1,https://www.fcc.gov/ecfs/document/5515183800/1,,7/22/2008,Charter,,,,,,,,,,,,,,,,,
Anti,Solo,telephone,7/30/2007,NOTICE OF EXPARTE,STANDARD,07-52,https://www.fcc.gov/ecfs/search/search-filings/filing/5514760778,CTIA- The Wireless Association,Refer to Attachment(s).,1,https://www.fcc.gov/ecfs/document/5514760778/1,,7/28/2007,CTIA - The Wireless Association,,,,,,,,,,,,,,,,,
Anti,Solo,telephone,3/27/2008,NOTICE OF EXPARTE,STANDARD,07-52,https://www.fcc.gov/ecfs/search/search-filings/filing/5515019611,George Ou,Refer to Attachment(s).,8,https://www.fcc.gov/ecfs/document/5515019611/1,,3/25/2008,George Ou,,,,,,,,,,,,,,,,,
Anti,Solo,telephone,7/17/2008,NOTICE OF EXPARTE,STANDARD,07-52,https://www.fcc.gov/ecfs/search/search-filings/filing/5515182981,Independent Telephone & Telecommunications Alliance,Refer to Attachment(s).,1,https://www.fcc.gov/ecfs/document/5515182981/1,,7/17/2008,Independent Telephone & Telecommunications Alliance,,,,,,,,,,,,,,,,,
Anti,Solo,telephone,7/28/2008,NOTICE OF EXPARTE,STANDARD,07-52,https://www.fcc.gov/ecfs/search/search-filings/filing/5515184019,"Laurence Brett Glass, d/b/a LARIAT",Refer to Attachment(s).,1,https://www.fcc.gov/ecfs/document/5515184019/1,,7/23/2008,LARIAT,,,,,,,,,,,,,,,,,
Anti,Solo,telephone,7/24/2008,NOTICE OF EXPARTE,STANDARD,07-52,https://www.fcc.gov/ecfs/search/search-filings/filing/5515183674,Mediacom Communications Corporation,Refer to Attachment(s).,1,https://www.fcc.gov/ecfs/document/5515183674/1,,7/24/2008,Mediacom,,,,,,,,,,,,,,,,,
Anti,Solo,telephone,7/25/2008,NOTICE OF EXPARTE,STANDARD,07-52,https://www.fcc.gov/ecfs/search/search-filings/filing/5515183839,National Cable & Telecommunications Association,Refer to Attachment(s).,1,https://www.fcc.gov/ecfs/document/5515183839/1,,7/24/2008,National Cable & Telecommunications Association,,,,,,,,,,,,,,,,,
Anti,Solo,telephone,7/28/2008,NOTICE OF EXPARTE,STANDARD,07-52,https://www.fcc.gov/ecfs/search/search-filings/filing/5515184053,National Cable & Telecommunications Association,Refer to Attachment(s).,1,https://www.fcc.gov/ecfs/document/5515184053/1,,7/25/2008,National Cable & Telecommunications Association,,,,,,,,,,,,,,,,,
Anti,Solo,telephone,7/28/2008,NOTICE OF EXPARTE,STANDARD,07-52,https://www.fcc.gov/ecfs/search/search-filings/filing/5515184054,National Cable & Telecommunications Association,Refer to Attachment(s).,1,https://www.fcc.gov/ecfs/document/5515184054/1,,7/25/2008,National Cable & Telecommunications Association,,,,,,,,,,,,,,,,,
Anti,Solo,telephone,3/20/2008,NOTICE OF EXPARTE,STANDARD,07-52,https://www.fcc.gov/ecfs/search/search-filings/filing/5515018374,Recording Industry Association of America,Refer to Attachment(s).,1,https://www.fcc.gov/ecfs/document/5515018374/1,,,Recording Industry Association of America,,,,,,,,,,,,,,,,,
Anti,Solo,telephone,7/28/2008,NOTICE OF EXPARTE,STANDARD,07-52,https://www.fcc.gov/ecfs/search/search-filings/filing/5515184021,Recording Industry Association of America,Refer to Attachment(s).,1,https://www.fcc.gov/ecfs/document/5515184021/1,,,Recording Industry Association of America,,,,,,,,,,,,,,,,,
Anti,Solo,telephone,2/29/2008,NOTICE OF EXPARTE,STANDARD,07-52,https://www.fcc.gov/ecfs/search/search-filings/filing/5515008371,Verizon,Refer to Attachment(s).,1,https://www.fcc.gov/ecfs/document/5515008371/1,,2/28/2008,Verizon,,,,,,,,,,,,,,,,,
Anti,Solo,Written,4/30/2008,NOTICE OF EXPARTE,STANDARD,07-52,https://www.fcc.gov/ecfs/search/search-filings/filing/5515156404,The American Consumer Institute,Refer to Attachment(s).,6,https://www.fcc.gov/ecfs/document/5515156404/1,,4/30/2008,American Consumer Institute,,,,,,,,,,,,,,,,,
Anti,Solo,Written,5/14/2008,NOTICE OF EXPARTE,STANDARD,07-52,https://www.fcc.gov/ecfs/search/search-filings/filing/5515159121,American Consumer Institute,Refer to Attachment(s).,8,https://www.fcc.gov/ecfs/document/5515159121/1,,5/13/2008,American Consumer Institute,,,,,,,,,,,,,,,,,
Anti,Solo,Written,4/25/2008,NOTICE OF EXPARTE,STANDARD,07-52,https://www.fcc.gov/ecfs/search/search-filings/filing/5515148580,AT&T Inc.,Refer to Attachment(s).,11,https://www.fcc.gov/ecfs/document/5515148580/1,,,AT&T,,,,,,,,,,,,,,,,,
Anti,Solo,Written,7/25/2008,NOTICE OF EXPARTE,STANDARD,07-52,https://www.fcc.gov/ecfs/search/search-filings/filing/5515183956,"AT&T Services, Inc.",Refer to Attachment(s).,2,https://www.fcc.gov/ecfs/document/5515183956/1,,,AT&T,,,,,,,,,,,,,,,,,
Anti,Solo,Written,4/9/2008,NOTICE OF EXPARTE,STANDARD,07-52,https://www.fcc.gov/ecfs/search/search-filings/filing/5515022868,Comcast Corporation,Refer to Attachment(s).,4,https://www.fcc.gov/ecfs/document/5515022868/1,,,Comcast,,,,,,,,,,,,,,,,,
Anti,Solo,Written,4/16/2008,NOTICE OF EXPARTE,STANDARD,07-52,https://www.fcc.gov/ecfs/search/search-filings/filing/5515042530,Comcast Corporation,Refer to Attachment(s).,3,https://www.fcc.gov/ecfs/document/5515042530/1,,,Comcast,,,,,,,,,,,,,,,,,
Anti,Solo,Written,5/16/2008,NOTICE OF EXPARTE,STANDARD,07-52,https://www.fcc.gov/ecfs/search/search-filings/filing/5515159537,Comcast Corporation,Refer to Attachment(s).,14,https://www.fcc.gov/ecfs/document/5515159537/1,,,Comcast,,,,,,,,,,,,,,,,,
Anti,Solo,Written,7/10/2008,NOTICE OF EXPARTE,STANDARD,07-52,https://www.fcc.gov/ecfs/search/search-filings/filing/5515182277,Comcast Corporation,Refer to Attachment(s).,57,https://www.fcc.gov/ecfs/document/5515182277/1,,,Comcast,,,,,,,,,,,,,,,,,
Anti,Solo,Written,7/10/2008,NOTICE OF EXPARTE,STANDARD,07-52,https://www.fcc.gov/ecfs/search/search-filings/filing/5515182281,Comcast Corporation,Refer to Attachment(s).,9,https://www.fcc.gov/ecfs/document/5515182281/1,,,Comcast,,,,,,,,,,,,,,,,,
Anti,Solo,Written,7/21/2008,NOTICE OF EXPARTE,STANDARD,07-52,https://www.fcc.gov/ecfs/search/search-filings/filing/5515183220,Comcast Corporation,Refer to Attachment(s).,8,https://www.fcc.gov/ecfs/document/5515183220/1,,,Comcast,,,,,,,,,,,,,,,,,
Anti,Solo,Written,7/21/2008,NOTICE OF EXPARTE,STANDARD,07-52,https://www.fcc.gov/ecfs/search/search-filings/filing/5515183286,Comcast Corporation,Refer to Attachment(s).,22,https://www.fcc.gov/ecfs/document/5515183286/1,,,Comcast,,,,,,,,,,,,,,,,,
Anti,Solo,Written,7/24/2008,NOTICE OF EXPARTE,STANDARD,07-52,https://www.fcc.gov/ecfs/search/search-filings/filing/5515183774,Comcast Corporation,Refer to Attachment(s).,18,https://www.fcc.gov/ecfs/document/5515183774/1,,,Comcast,,,,,,,,,,,,,,,,,
Anti,Solo,Written,7/25/2008,NOTICE OF EXPARTE,STANDARD,07-52,https://www.fcc.gov/ecfs/search/search-filings/filing/5515183906,Comcast Corporation,Refer to Attachment(s).,3,https://www.fcc.gov/ecfs/document/5515183906/1,,,Comcast,,,,,,,,,,,,,,,,,
Anti,Solo,Written,7/24/2007,NOTICE OF EXPARTE,STANDARD,07-52,https://www.fcc.gov/ecfs/search/search-filings/filing/5514710783,CTIA - The Wireless Association,Refer to Attachment(s).,6,https://www.fcc.gov/ecfs/document/5514710783/1,,,CTIA - The Wireless Association,,,,,,,,,,,,,,,,,
Anti,Solo,Written,6/15/2007,NOTICE OF INQUIRY,STANDARD,07-52,https://www.fcc.gov/ecfs/search/search-filings/filing/5514680830,Institute for Policy Innovation,Refer to Attachment(s).,7,https://www.fcc.gov/ecfs/document/5514680830/1,,,Institute for Policy Innovation,,,,,,,,,,,,,,,,,
Anti,Solo,Written,7/21/2008,LETTER,STANDARD,07-52,https://www.fcc.gov/ecfs/search/search-filings/filing/5515183191,"Laurence Brett Glass, d/b/a LARIAT",Refer to Attachment(s).,3,https://www.fcc.gov/ecfs/document/5515183191/1,,7/21/2008,LARIAT,,,,,,,,,,,,,,,,,
Anti,Solo,Written,7/24/2008,NOTICE OF EXPARTE,STANDARD,07-52,https://www.fcc.gov/ecfs/search/search-filings/filing/5515183613,National Cable & Telecommunications Association,Refer to Attachment(s).,6,https://www.fcc.gov/ecfs/document/5515183613/1,,,National Cable & Telecommunications Association,,,,,,,,,,,,,,,,,
Anti,Solo,Written,8/10/2007,LETTER,STANDARD,07-52,https://www.fcc.gov/ecfs/search/search-filings/filing/5514762850,Nortel,Refer to Attachment(s).,2,https://www.fcc.gov/ecfs/document/5514762850/1,,8/9/2007,Nortel,,,,,,,,,,,,,,,,,
Anti,Solo,Written,6/8/2007,NOTICE OF EXPARTE,STANDARD,07-52,https://www.fcc.gov/ecfs/search/search-filings/filing/5514673590,Karen Kerrigan/SBE Council,Refer to Attachment(s).,6,https://www.fcc.gov/ecfs/document/5514673590/1,,,Small Business & Entrepreneurship Council,,,,,,,,,,,,,,,,,
Anti,Solo,Written,7/11/2007,NOTICE OF EXPARTE,STANDARD,07-52,https://www.fcc.gov/ecfs/search/search-filings/filing/5514705567,Verizon,Refer to Attachment(s).,171,https://www.fcc.gov/ecfs/document/5514705567/1,,,Verizon,,,,,,,,,,,,,,,,,
Anti,Solo,Written,2/25/2008,NOTICE OF EXPARTE,STANDARD,07-52,https://www.fcc.gov/ecfs/search/search-filings/filing/5514994152,Verizon,Refer to Attachment(s).,10,https://www.fcc.gov/ecfs/document/5514994152/1,,,Verizon,,,,,,,,,,,,,,,,,
Anti,Solo,Written,3/14/2008,NOTICE OF EXPARTE,STANDARD,07-52,https://www.fcc.gov/ecfs/search/search-filings/filing/5515017493,Verizon,Refer to Attachment(s).,6,https://www.fcc.gov/ecfs/document/5515017493/1,,3/14/2008,Verizon,,,,,,,,,,,,,,,,,
Anti,Solo,Written Ex Parte,6/15/2007,COMMENT,STANDARD,07-52,https://www.fcc.gov/ecfs/search/search-filings/filing/5514681105,T-Mobile USA,Refer to Attachment(s).,89,https://www.fcc.gov/ecfs/document/5514681105/2,RM-11361,5/15/2007,T-Mobile,,,,,,,,,,,,,,,,,
Anti,Solo ,In person (NTCA Summer Meeting),6/5/2007,NOTICE OF EXPARTE,STANDARD,07-52,https://www.fcc.gov/ecfs/search/search-filings/filing/5514669657,National Telecommunications Cooperative Association,Refer to Attachment(s).,4,https://www.fcc.gov/ecfs/document/5514669657/1,,6/4/2007,National Telecommunications Cooperative Association,,,,,,,,,,,,,,,,,